author_list_number,id,publication_status,title_abstract_page,authors_abstract_page,category_abstract_page,listing_event,listing_event_datetime,current_version,abstract_url,pdf_url,pdf_filename,pdf_sha256,pdf_size_bytes,pages,encrypted,font_count,font_names,submission_history
103,2607.0094,PUBLICADO,The Collapse: Machine-Checked Bond Reflection Positivity and a Site Reflection Form for the Coupled Z_2 Slice,Lluis Eriksson,Mathematical Physics,submitted,2026-07-31 16:03:53,1,https://ai.vixra.org/abs/2607.0094,https://ai.vixra.org/pdf/2607.0094v1.pdf,2607.0094v1.pdf,d50bf2479828bf5abb2570f38680df1d8e13f984a5a11f47ff952940e4a389c7,307752,8,no,21,APNMAI+CMR17; AQJBDD+CMMI10; BILCHA+CMMI8; DQARBW+CMSY10; EJBLOR+CMBX10; EUQEAH+CMR12; F76; F81; FEXLFJ+CMR8; FSJRSO+CMCSC10; HLQEKB+CMR10; KZHUZC+CMMI12; MNCJYI+CMMI6; MQZUYK+CMEX10; PHLUUA+CMMI7; PQIKRH+CMTT10; QIJIIO+CMBX12; RKDUWA+CMR7; SZSLUI+MSBM10; TMCDBM+CMSY8; VRWGMM+CMTI10,"[{""version"": ""v1"", ""datetime"": ""2026-07-31 16:03:53"", ""pdf_url"": ""https://ai.vixra.org/pdf/2607.0094v1.pdf""}]"
102,2607.0093,PUBLICADO,The Modulus: a Machine-Checked Operator Bound on the Fluctuation Sector of the Coupled Z_2 Slice,Lluis Eriksson,Mathematical Physics,submitted,2026-07-30 06:19:09,1,https://ai.vixra.org/abs/2607.0093,https://ai.vixra.org/pdf/2607.0093v1.pdf,2607.0093v1.pdf,200cfe770180f86aa725683d20424772e009ccc980c991faa7f03f99b42287b8,106838,8,no,23,AKHCZK+LMRoman12-Bold-Identity-H; BZIVMZ+LMRoman12-Regular-Identity-H; CAFSZL+LMMono10-Italic-Identity-H; DDIEWW+MSBM10; DZGKAF+CMSY7; FKPJSN+CMR12; FZDNHS+CMR5; GJMHKB+CMSY5; GQYLQL+CMSY8; IHAIZV+LMRoman17-Regular-Identity-H; IXFAWU+LMRoman10-Bold-Identity-H; JAGKKY+CMSY10; KPXLOM+CMMI7; LPOGEQ+CMR8; NITCSQ+CMMI8; NOMARO+CMMI10; PVTTLK+CMR10; TQTHRL+LMRoman10-Regular-Identity-H; UBBQTN+CMEX10; UTACNV+CMR7; VDVGTR+LMMono10-Regular-Identity-H; WXMALW+CMR6; YEUUOC+LMRoman10-Italic-Identity-H,"[{""version"": ""v1"", ""datetime"": ""2026-07-30 06:19:09"", ""pdf_url"": ""https://ai.vixra.org/pdf/2607.0093v1.pdf""}]"
101,2607.0092,PUBLICADO,The Rate Without the Extent: a Machine-Checked Uniform Spectral Modulus for the Decoupled Z_2 Slice,Lluis Eriksson,Mathematical Physics,submitted,2026-07-30 14:48:32,1,https://ai.vixra.org/abs/2607.0092,https://ai.vixra.org/pdf/2607.0092v1.pdf,2607.0092v1.pdf,8c87e83ee84f11aa4688fa6c17c3a6bb02f916968ef7265f02a46f6ef8bfd593,96375,6,no,21,AKHCZK+LMMonoLt10-Bold-Identity-H; BZIVMZ+LMRoman12-Regular-Identity-H; CAFSZL+LMMono10-Regular-Identity-H; DDIEWW+LMRomanCaps10-Regular-Identity-H; DZGKAF+CMR7; FKPJSN+MSBM10; FZDNHS+CMEX10; GJMHKB+CMSY7; IHAIZV+LMRoman17-Regular-Identity-H; IXFAWU+LMRoman10-Bold-Identity-H; JAGKKY+CMR10; KPXLOM+CMSY10; LPOGEQ+CMR8; NITCSQ+CMMI8; NOMARO+CMMI10; PVTTLK+CMR12; TQTHRL+LMRoman10-Regular-Identity-H; UBBQTN+CMSY8; UTACNV+CMMI7; VDVGTR+LMRoman12-Bold-Identity-H; YEUUOC+LMRoman10-Italic-Identity-H,"[{""version"": ""v1"", ""datetime"": ""2026-07-30 14:48:32"", ""pdf_url"": ""https://ai.vixra.org/pdf/2607.0092v1.pdf""}]"
100,2607.0091,PUBLICADO,A Machine-Checked Thermodynamic Limit for Local Lattice Gauge Gibbs States,Lluis Eriksson,Mathematical Physics,submitted,2026-07-30 18:51:18,1,https://ai.vixra.org/abs/2607.0091,https://ai.vixra.org/pdf/2607.0091v1.pdf,2607.0091v1.pdf,0a494cd745da4760428ad4e915075469c95eab7e638856b5e49925ec662a0919,104063,7,no,5,AAAAAA+Cambria-0; AAAAAA+Cambria-Bold; AAAAAA+Cambria-Italic; Courier; Helvetica,"[{""version"": ""v1"", ""datetime"": ""2026-07-30 18:51:18"", ""pdf_url"": ""https://ai.vixra.org/pdf/2607.0091v1.pdf""}]"
99,2607.0090,PUBLICADO,The Weight That Could Not Break It: Machine-Checked Endpoint Reflection Positivity for the Coupled Z_2 Slice,Lluis Eriksson,Mathematical Physics,submitted,2026-07-30 20:31:57,1,https://ai.vixra.org/abs/2607.0090,https://ai.vixra.org/pdf/2607.0090v1.pdf,2607.0090v1.pdf,2cf776265eafc5f35eeb234a4d671d574bd889bbccc44995ff5468407a2a6c1a,299014,6,no,22,AYBJXJ+CMTI10; CJAVJZ+CMBX12; DVDCNA+CMSY10; ELDODJ+CMCSC10; F77; F93; FANPJN+CMSY8; FEBRJO+CMEX10; GGWVCC+MSBM10; IJUNYF+CMR17; ILBXDK+CMBX10; IRLHIR+CMR8; KZHUZC+CMMI12; PSZCKF+CMR10; PXBGHL+CMSY7; SWACOH+CMMI10; VJJVQK+CMMI8; VSLMFU+CMTI12; XFYIUR+CMITT10; XJWHKA+CMTT10; XVAHDD+CMR12; XZRDRN+CMMI7,"[{""version"": ""v1"", ""datetime"": ""2026-07-30 20:31:57"", ""pdf_url"": ""https://ai.vixra.org/pdf/2607.0090v1.pdf""}]"
98,2607.0089,PUBLICADO,Global Ratio Monotonicity for a Killed von Mises Bridge,Lluis Eriksson,Mathematical Physics,submitted,2026-07-28 22:32:03,1,https://ai.vixra.org/abs/2607.0089,https://ai.vixra.org/pdf/2607.0089v1.pdf,2607.0089v1.pdf,e8cc61a1c370d941baff0ae9019dde4c0d528dbeb42f7c81b221667c1e67333e,668250,33,no,28,BDNBYZ+LMMathSymbols8-Regular; BQZOGN+LMRoman17-Regular; CAETXT+LMMathItalic12-Regular; CEPKPK+LMRoman10-Bold; CLEOKM+LMRoman12-Bold; EDZQFZ+LMMathSymbols10-Regular; FWIQUW+LMMathItalic6-Regular; GFKPYW+LMMono8-Regular; GGYTHV+LMMathItalic8-Regular; KVOUXK+LMMathExtension10-Regular; MCVQNJ+LMMathSymbols7-Regular; NETUJP+LMMono10-Regular; QNZBKA+LMRoman8-Regular; QOCYZL+LMRoman12-Regular; RIQRZG+LMRoman10-Italic; SFMPRZ+LMMathItalic7-Regular; SNBJHO+LMMathSymbols6-Regular; SQNOJU+LMMathItalic10-Regular; UDAVER+LMRoman7-Regular; UFDGAY+MSAM10; WRAJNN+LMRoman6-Regular; WRLBKM+MSBM10; XTZDJV+LMMono10-Italic; YPBDKO+LMRoman10-Regular,"[{""version"": ""v1"", ""datetime"": ""2026-07-28 22:32:03"", ""pdf_url"": ""https://ai.vixra.org/pdf/2607.0089v1.pdf""}]"
97,2607.0088,PUBLICADO,Blind to the Coupling: a Second Machine-Checked Obstruction at Spatial Extent,Lluis Eriksson,Mathematical Physics,submitted,2026-07-28 23:30:40,1,https://ai.vixra.org/abs/2607.0088,https://ai.vixra.org/pdf/2607.0088v1.pdf,2607.0088v1.pdf,42617528c0df0ad3e813ee77c11722c53e5ea1b4b97dc93f22d9ece45d29e4cb,118268,9,no,23,AKHCZK+LMRoman10-Italic-Identity-H; BZIVMZ+LMRoman12-Regular-Identity-H; CAFSZL+LMMono10-Italic-Identity-H; DDIEWW+LMMono8-Regular-Identity-H; DZGKAF+CMR8; FKPJSN+MSBM10; FZDNHS+CMSY10; GJMHKB+CMMI8; GQYLQL+CMMI6; IHAIZV+LMRoman17-Regular-Identity-H; IXFAWU+LMRoman10-Bold-Identity-H; JAGKKY+CMMI10; KPXLOM+CMR10; LPOGEQ+CMEX8; NITCSQ+CMSY8; NOMARO+CMMI7; PVTTLK+CMR7; TQTHRL+LMRoman10-Regular-Identity-H; UBBQTN+CMEX10; UTACNV+CMSY7; VDVGTR+LMRoman12-Bold-Identity-H; WXMALW+CMR6; YEUUOC+LMMono10-Regular-Identity-H,"[{""version"": ""v1"", ""datetime"": ""2026-07-28 23:30:40"", ""pdf_url"": ""https://ai.vixra.org/pdf/2607.0088v1.pdf""}]"
96,2607.0085,PUBLICADO,"The Vacuum Was Never Absent: A Machine-Checked Perron Theorem for Strictly Positive Kernels, and the Coupled-Slice Vacuum at Every Spatial Extent",Lluis Eriksson,Mathematical Physics,submitted,2026-07-29 06:36:35,1,https://ai.vixra.org/abs/2607.0085,https://ai.vixra.org/pdf/2607.0085v1.pdf,2607.0085v1.pdf,6349c8e555f10fde30e0457f54c841da9d05e252cf34e65f6a8064d463318e74,88762,6,no,18,AKHCZK+LMMono10-Regular-Identity-H; BZIVMZ+LMRoman12-Regular-Identity-H; CAFSZL+LMRoman12-Bold-Identity-H; DDIEWW+MSBM10; DZGKAF+CMR6; FKPJSN+CMR7; FZDNHS+CMR8; GJMHKB+CMSY8; IHAIZV+LMRoman17-Regular-Identity-H; IXFAWU+LMMono12-Regular-Identity-H; JAGKKY+CMR10; KPXLOM+CMEX10; NOMARO+CMSY10; PVTTLK+CMMI10; TQTHRL+LMRoman10-Bold-Identity-H; UTACNV+CMMI8; VDVGTR+LMRoman10-Italic-Identity-H; YEUUOC+LMRoman10-Regular-Identity-H,"[{""version"": ""v1"", ""datetime"": ""2026-07-29 06:36:35"", ""pdf_url"": ""https://ai.vixra.org/pdf/2607.0085v1.pdf""}]"
95,2607.0084,PUBLICADO,Strict but Not Uniform: a Machine-Checked Spectral Gap at Every Finite Extent of the Coupled Slice,Lluis Eriksson,Mathematical Physics,submitted,2026-07-29 10:08:56,1,https://ai.vixra.org/abs/2607.0084,https://ai.vixra.org/pdf/2607.0084v1.pdf,2607.0084v1.pdf,e8063013965ea1699718d08f2bce1646e73f0dd2b970a518bb9e6339c68d78a0,83708,6,no,17,AKHCZK+LMRoman12-Bold-Identity-H; BZIVMZ+LMRoman12-Regular-Identity-H; CAFSZL+MSBM10; DDIEWW+CMR7; DZGKAF+CMR8; FKPJSN+CMSY10; FZDNHS+CMSY8; IHAIZV+LMRoman17-Regular-Identity-H; IXFAWU+LMRoman10-Bold-Identity-H; JAGKKY+CMR10; KPXLOM+CMMI8; NOMARO+CMSS8; PVTTLK+CMMI10; TQTHRL+LMRoman10-Regular-Identity-H; UTACNV+CMEX10; VDVGTR+LMMono10-Regular-Identity-H; YEUUOC+LMRoman10-Italic-Identity-H,"[{""version"": ""v1"", ""datetime"": ""2026-07-29 10:08:56"", ""pdf_url"": ""https://ai.vixra.org/pdf/2607.0084v1.pdf""}]"
94,2607.0083,PUBLICADO,The Measure the Spectral Results Were About: a Machine-Checked Transfer Bridge for the Spatial Z_2 Slice,Lluis Eriksson,Mathematical Physics,submitted,2026-07-29 14:35:16,1,https://ai.vixra.org/abs/2607.0083,https://ai.vixra.org/pdf/2607.0083v1.pdf,2607.0083v1.pdf,0a0acc85773ff6557ca65b5a49027c29aeee99cd45e7861c474bd0bbe876ca18,86757,6,no,18,AKHCZK+LMRoman12-Bold-Identity-H; BZIVMZ+LMRoman12-Regular-Identity-H; CAFSZL+MSBM10; DDIEWW+CMR12; DZGKAF+CMSY8; FKPJSN+CMR7; FZDNHS+CMEX10; GJMHKB+CMEX8; IHAIZV+LMRoman17-Regular-Identity-H; IXFAWU+LMRoman10-Bold-Identity-H; JAGKKY+CMMI10; KPXLOM+CMMI8; NOMARO+CMR8; PVTTLK+CMR10; TQTHRL+LMRoman10-Regular-Identity-H; UTACNV+CMSY10; VDVGTR+LMMono10-Regular-Identity-H; YEUUOC+LMRoman10-Italic-Identity-H,"[{""version"": ""v1"", ""datetime"": ""2026-07-29 14:35:16"", ""pdf_url"": ""https://ai.vixra.org/pdf/2607.0083v1.pdf""}]"
93,2607.0078,PUBLICADO,From the Gibbs Weight to the Spectral Gap: A Complete Machine-Checked Osterwalder-Seiler Chain for the Z_2 Lattice Gauge Chain,Lluis Eriksson,Mathematical Physics,submitted,2026-07-28 13:19:32,1,https://ai.vixra.org/abs/2607.0078,https://ai.vixra.org/pdf/2607.0078v1.pdf,2607.0078v1.pdf,8b52725dfa42a40b119b4dc4a34dd4b5b326fc11bca2cd008dfa384f3675f3c4,117363,9,no,22,AKHCZK+LMMono10-Regular-Identity-H; BZIVMZ+LMRoman12-Regular-Identity-H; CAFSZL+LMMono10-Italic-Identity-H; DDIEWW+MSBM10; DZGKAF+CMR8; FKPJSN+CMR12; FZDNHS+CMMI8; GJMHKB+CMEX10; GQYLQL+CMSY8; IHAIZV+LMRoman17-Regular-Identity-H; IXFAWU+LMRoman10-Bold-Identity-H; JAGKKY+CMMI10; KPXLOM+CMR10; LPOGEQ+CMBX10; NITCSQ+CMMI6; NOMARO+CMMI7; PVTTLK+CMR7; TQTHRL+LMRoman10-Regular-Identity-H; UBBQTN+CMR6; UTACNV+CMSY10; VDVGTR+LMRoman12-Bold-Identity-H; YEUUOC+LMRoman10-Italic-Identity-H,"[{""version"": ""v1"", ""datetime"": ""2026-07-28 13:19:32"", ""pdf_url"": ""https://ai.vixra.org/pdf/2607.0078v1.pdf""}]"
92,2607.0076,PUBLICADO,The Quotient That Is Not the Identity: A Machine-Checked Degenerate Reflection Pairing and Its Gelfand-Naimark-Segal Quotient,Lluis Eriksson,Mathematical Physics,submitted,2026-07-28 17:10:48,1,https://ai.vixra.org/abs/2607.0076,https://ai.vixra.org/pdf/2607.0076v1.pdf,2607.0076v1.pdf,ee99c158af94fced1eecfc0aa0a26121aadea576e7dd0ba33d7e2538c309dd1f,92307,6,no,19,AKHCZK+LMRoman10-Italic-Identity-H; BZIVMZ+LMRoman12-Regular-Identity-H; CAFSZL+LMMono10-Italic-Identity-H; DDIEWW+MSBM10; DZGKAF+CMEX10; FKPJSN+CMR7; FZDNHS+CMMI8; GJMHKB+CMSY8; IHAIZV+LMRoman17-Regular-Identity-H; IXFAWU+LMRoman10-Bold-Identity-H; JAGKKY+CMR10; KPXLOM+CMR8; NITCSQ+CMMI6; NOMARO+CMMI7; PVTTLK+CMMI10; TQTHRL+LMRoman10-Regular-Identity-H; UTACNV+CMSY10; VDVGTR+LMRoman12-Bold-Identity-H; YEUUOC+LMMono10-Regular-Identity-H,"[{""version"": ""v1"", ""datetime"": ""2026-07-28 17:10:48"", ""pdf_url"": ""https://ai.vixra.org/pdf/2607.0076v1.pdf""}]"
91,2607.0075,PUBLICADO,"Where the Elementary Reconstruction Stops: Spatial Coupling Breaks the Uniform Vacuum, Machine-Checked",Lluis Eriksson,Mathematical Physics,submitted,2026-07-28 19:17:42,1,https://ai.vixra.org/abs/2607.0075,https://ai.vixra.org/pdf/2607.0075v1.pdf,2607.0075v1.pdf,c519a6a1592ee25b36df6e1710c7d629d2305ee3885f0c7993b60a2b6639bef4,86493,6,no,17,AKHCZK+LMRoman10-Italic-Identity-H; BZIVMZ+LMRoman12-Regular-Identity-H; CAFSZL+LMRoman10-BoldItalic-Identity-H; DDIEWW+CMMI10; DZGKAF+CMEX10; FKPJSN+CMR10; FZDNHS+CMSY8; IHAIZV+LMRoman17-Regular-Identity-H; IXFAWU+LMRoman10-Bold-Identity-H; JAGKKY+MSBM10; KPXLOM+CMSY10; NOMARO+CMR8; PVTTLK+CMMI7; TQTHRL+LMRoman10-Regular-Identity-H; UTACNV+CMMI8; VDVGTR+LMRoman12-Bold-Identity-H; YEUUOC+LMMono10-Regular-Identity-H,"[{""version"": ""v1"", ""datetime"": ""2026-07-28 19:17:42"", ""pdf_url"": ""https://ai.vixra.org/pdf/2607.0075v1.pdf""}]"
90,2607.0073,PUBLICADO,"A Machine-Checked Reflection-Positivity Framework for Z_N Lattice Gauge Theory, with the Z_2 Wilson Instance",Lluis Eriksson,Mathematical Physics,submitted,2026-07-27 21:33:38,1,https://ai.vixra.org/abs/2607.0073,https://ai.vixra.org/pdf/2607.0073v1.pdf,2607.0073v1.pdf,95c85d5b89f10b07e83fc699af0e03d45b35aec75851dda0d263b3c788e8f47c,91268,6,no,20,AKHCZK+LMRoman10-Italic-Identity-H; BZIVMZ+LMRoman12-Regular-Identity-H; CAFSZL+MSBM10; DDIEWW+CMMI12; DZGKAF+CMSY7; FKPJSN+CMR12; FZDNHS+CMR7; GJMHKB+CMMI8; IHAIZV+LMRoman17-Regular-Identity-H; IXFAWU+LMRoman10-Bold-Identity-H; JAGKKY+CMR10; KPXLOM+CMMI7; NITCSQ+CMR8; NOMARO+CMEX10; PVTTLK+CMMI10; TQTHRL+LMRoman10-Regular-Identity-H; UBBQTN+CMSY8; UTACNV+CMSY10; VDVGTR+LMRoman12-Bold-Identity-H; YEUUOC+LMMono10-Regular-Identity-H,"[{""version"": ""v1"", ""datetime"": ""2026-07-27 21:33:38"", ""pdf_url"": ""https://ai.vixra.org/pdf/2607.0073v1.pdf""}]"
89,2607.0070,PUBLICADO,Clustering and the Transfer-Operator Gap: A Machine-Checked Dense-Family Criterion,Lluis Eriksson,Mathematical Physics,submitted,2026-07-27 16:38:14,1,https://ai.vixra.org/abs/2607.0070,https://ai.vixra.org/pdf/2607.0070v1.pdf,2607.0070v1.pdf,56dcba9f6c88452570c427d337fa4e00a0ff9bfeb9087faa28826094d1f72ad5,112653,8,no,19,AKHCZK+LMMono10-Regular-Identity-H; BZIVMZ+LMRoman12-Regular-Identity-H; CAFSZL+LMMono10-Italic-Identity-H; DDIEWW+CMR10; DZGKAF+CMR8; FKPJSN+CMMI10; FZDNHS+CMMI8; GJMHKB+CMMI6; IHAIZV+LMRoman17-Regular-Identity-H; IXFAWU+LMRoman10-Bold-Identity-H; JAGKKY+CMSY10; KPXLOM+CMSY8; NITCSQ+CMEX10; NOMARO+CMR7; PVTTLK+CMMI7; TQTHRL+LMRoman10-Regular-Identity-H; UTACNV+MSBM10; VDVGTR+LMRoman12-Bold-Identity-H; YEUUOC+LMRoman10-Italic-Identity-H,"[{""version"": ""v1"", ""datetime"": ""2026-07-27 16:38:14"", ""pdf_url"": ""https://ai.vixra.org/pdf/2607.0070v1.pdf""}]"
88,2607.0044,PUBLICADO,Machine-Checked CMP116 Fluctuation Reduction: Physical Constraint Coordinates and the Interacting-Hessian Frontier,Lluis Eriksson,Mathematical Physics,replaced,2026-07-16 04:47:03,2,https://ai.vixra.org/abs/2607.0044,https://ai.vixra.org/pdf/2607.0044v2.pdf,2607.0044v2.pdf,90de465e44a0b3a03130023bef1eedef08cbb1c5049afac08ace11b74dfeba58,362509,7,no,26,AJKNAU+CMR10; BIQPAB+CMTI9; CUUNJW+CMMI5; F71; F87; GBCRXR+CMR6; HJNLAE+CMMI8; IDLVUQ+CMR12; IGNDKL+CMSY8; JKSUUE+CMSY6; JUEEAG+CMSY10; KCWIZR+CMR9; NBLBZR+CMMI6; NCNZOQ+CMTT9; OADURR+CMBX10; PXBGHL+CMSY7; QCTTSW+CMR17; QCVHIM+CMR5; QFBEDB+CMR7; QIFUKW+CMEX10; RZROEK+CMTT10; TSAMVC+CMTI10; UWPSJX+CMR8; VGNTXL+CMMI7; YAREFJ+CMMI10; YNCMOF+CMBX12,"[{""version"": ""v1"", ""datetime"": ""2026-07-15 20:22:56"", ""pdf_url"": ""https://ai.vixra.org/pdf/2607.0044v1.pdf""}, {""version"": ""v2"", ""datetime"": ""2026-07-16 04:47:03"", ""pdf_url"": ""https://ai.vixra.org/pdf/2607.0044v2.pdf""}]"
87,2607.0043,PUBLICADO,"A Mechanized, Non-Circular Renormalization-Group Interface for Wilson Lattice Gauge Correlators",Lluis Eriksson,Mathematical Physics,submitted,2026-07-14 05:39:24,1,https://ai.vixra.org/abs/2607.0043,https://ai.vixra.org/pdf/2607.0043v1.pdf,2607.0043v1.pdf,2878f2ab6e10693e189e14c71dec3826a4ccc23fead6cc1d40cb3ef4e28621a3,201072,16,no,34,AIBCOH+CMMI8; AKHCZK+LMRoman10-Italic-Identity-H; ALHFJP+CMR6; BKINPV+CMEX8; BSJFPS+CMBX10; BZIVMZ+LMRoman12-Regular-Identity-H; CAFSZL+LMRoman12-Bold-Identity-H; DDIEWW+LMRoman6-Regular-Identity-H; DZGKAF+CMMI10; FBXEDP+MSBM10; FKPJSN+LMRoman9-Regular-Identity-H; FZDNHS+CMR10; GJMHKB+CMMI7; GQYLQL+CMMI5; IHAIZV+LMRoman17-Regular-Identity-H; IXFAWU+LMRoman8-Regular-Identity-H; JAGKKY+LMMono9-Regular-Identity-H; KNCMHP+CMMI6; KPXLOM+LMRoman10-BoldItalic-Identity-H; LPOGEQ+CMSY7; NITCSQ+CMSY10; NOMARO+LMMono10-Italic-Identity-H; PRSYUU+CMMI12; PVTTLK+LMRoman9-Italic-Identity-H; TQTHRL+LMRoman10-Bold-Identity-H; UBBQTN+CMR7; UTACNV+LMMono8-Regular-Identity-H; VDVGTR+LMMono10-Regular-Identity-H; VIWDXD+CMSY9; WXMALW+CMR8; XKCNTN+CMEX10; YEUUOC+LMRoman10-Regular-Identity-H; YLAXVV+CMSY6; ZXNXFB+CMSY8,"[{""version"": ""v1"", ""datetime"": ""2026-07-14 05:39:24"", ""pdf_url"": ""https://ai.vixra.org/pdf/2607.0043v1.pdf""}]"
86,2607.0042,PUBLICADO,The Volume-Uniform Poincaré Walls: Machine-Checked Obstructions for Flat and Fluctuation-Sector Block-Poincaré Routes to Combes—Thomas Coercivity in Lattice Yang—Mills,Lluis Eriksson,Mathematical Physics,submitted,2026-07-14 13:24:23,1,https://ai.vixra.org/abs/2607.0042,https://ai.vixra.org/pdf/2607.0042v1.pdf,2607.0042v1.pdf,1f5334e93e8c7a72207c47c237537f4e6bd4c108f3f631b5d9df7c65b06fa1c0,156889,11,no,33,AIBCOH+CMR6; AKHCZK+LMMono10-Regular-Identity-H; ALHFJP+CMMI6; BKINPV+CMBX10; BSJFPS+CMSY9; BZIVMZ+LMRoman12-Regular-Identity-H; CAFSZL+LMMono10-Italic-Identity-H; DDIEWW+LMRoman9-Regular-Identity-H; DZGKAF+MSBM7; FBXEDP+CMR12; FKPJSN+LMRoman9-Italic-Identity-H; FZDNHS+EUFM10; GJMHKB+CMSY10; GQYLQL+CMR8; IHAIZV+LMRoman17-Regular-Identity-H; IXFAWU+LMRoman10-Bold-Identity-H; JAGKKY+CMR10; KNCMHP+CMMI9; KPXLOM+CMMI7; LPOGEQ+CMSY8; NITCSQ+CMSY7; NOMARO+CMMI10; PRSYUU+CMSY6; PVTTLK+LMMono9-Regular-Identity-H; TQTHRL+LMRoman10-Regular-Identity-H; UBBQTN+CMEX10; UTACNV+CMR7; VDVGTR+LMRoman12-Bold-Identity-H; WXMALW+CMMI8; XKCNTN+MSBM10; YEUUOC+LMRoman10-Italic-Identity-H; YLAXVV+CMR9; ZXNXFB+CMMI12,"[{""version"": ""v1"", ""datetime"": ""2026-07-14 13:24:23"", ""pdf_url"": ""https://ai.vixra.org/pdf/2607.0042v1.pdf""}]"
85,2607.0039,PUBLICADO,"Exact Two-Dimensional SU(2) Yang-Mills in Lean: Weyl Integration, Heat-Kernel Convolution, Migdal Invariance, and the Exact Simple-Loop Area Law",Lluis Eriksson,Mathematical Physics,submitted,2026-07-14 18:49:45,1,https://ai.vixra.org/abs/2607.0039,https://ai.vixra.org/pdf/2607.0039v1.pdf,2607.0039v1.pdf,acb7b9b41d3a23fea3bfcb0df59571742592c0925bdd2bbabcbc7a4d425528b1,114738,10,no,24,AKHCZK+LMRoman10-Regular; BZIVMZ+LMMathItalic12-Regular; CAFSZL+LMRoman10-Regular; DDIEWW+LMMathSymbols10-Regular; DZGKAF+LMMathSymbols8-Regular; FKPJSN+LMRoman7-Regular; FZDNHS+LMMathItalic8-Regular; GJMHKB+LMRoman8-Regular; GQYLQL+LMMono9-Regular; IHAIZV+LMRoman12-Bold; IXFAWU+LMRoman17-Regular; JAGKKY+LMMathSymbols7-Regular; KPXLOM+LMMathExtension10-Regular; LPOGEQ+LMMonoLt10-Bold; NITCSQ+LMMathItalic6-Regular; NOMARO+MSBM10; PVTTLK+LMMathItalic7-Regular; TQTHRL+LMRoman12-Regular; UBBQTN+LMRoman10-Italic; UTACNV+LMMono10-Regular; VDVGTR+LMMathItalic10-Regular; WXMALW+LMRoman6-Regular; XKCNTN+LMMathSymbols6-Regular; YEUUOC+LMRoman10-Bold,"[{""version"": ""v1"", ""datetime"": ""2026-07-14 18:49:45"", ""pdf_url"": ""https://ai.vixra.org/pdf/2607.0039v1.pdf""}]"
84,2607.0038,PUBLICADO,Many-Body Filling Turns Soft Spectral Leakage into a Maintenance Floor: Exact Filled-SSH Sum Rules and an Interaction-Stable Obstruction,Lluis Eriksson,Quantum Physics,submitted,2026-07-12 23:40:59,1,https://ai.vixra.org/abs/2607.0038,https://ai.vixra.org/pdf/2607.0038v1.pdf,2607.0038v1.pdf,e7cd053ae4bdaa129d62e4acd6102c487507d587234bf2f1c11c610abf084140,324005,13,no,13,AKHCZK+NewTXMI7; BZIVMZ+TeXGyreTermesX-Regular-Identity-H; CAFSZL+TeXGyreTermesX-Regular; DDIEWW+txsys; FKPJSN+txexs; IHAIZV+TeXGyreTermesX-Bold-Identity-H; IXFAWU+TeXGyreTermesX-Italic-Identity-H; JAGKKY+TeXGyreTermesX-Bold; NOMARO+NewTXMI5; PVTTLK+txsya; TQTHRL+LMMono10-Regular-Identity-H; VDVGTR+txmiaX; YEUUOC+NewTXMI,"[{""version"": ""v1"", ""datetime"": ""2026-07-12 23:40:59"", ""pdf_url"": ""https://ai.vixra.org/pdf/2607.0038v1.pdf""}]"
83,2607.0037,PUBLICADO,The Diagonal Amos-Type Family at Real Order: a Machine-Checked Quantitative Crossing Classification,Lluis Eriksson,Mathematical Physics,submitted,2026-07-13 05:29:47,1,https://ai.vixra.org/abs/2607.0037,https://ai.vixra.org/pdf/2607.0037v1.pdf,2607.0037v1.pdf,95eed84d8c6f85b03bb92ba8f3fe29e3e7664aafb06c4d0c9998e7f5840ec2f0,144103,10,no,27,AIBCOH+CMMI6; AKHCZK+LMRoman10-Italic-Identity-H; ALHFJP+CMR6; BZIVMZ+LMRoman12-Regular-Identity-H; CAFSZL+LMRoman12-Bold-Identity-H; DDIEWW+LMRoman6-Regular-Identity-H; DZGKAF+CMR7; FBXEDP+CMR9; FKPJSN+LMRoman9-Regular-Identity-H; FZDNHS+CMEX10; GJMHKB+CMSY10; GQYLQL+CMR8; IHAIZV+LMRoman17-Regular-Identity-H; IXFAWU+LMRoman8-Regular-Identity-H; JAGKKY+LMMono10-Italic-Identity-H; KPXLOM+CMMI7; LPOGEQ+CMMI8; NITCSQ+MSBM10; NOMARO+CMR10; PVTTLK+LMMono9-Regular-Identity-H; TQTHRL+LMRoman10-Bold-Identity-H; UBBQTN+CMSY7; UTACNV+CMMI10; VDVGTR+LMMono10-Regular-Identity-H; WXMALW+CMSY8; XKCNTN+CMMI9; YEUUOC+LMRoman10-Regular-Identity-H,"[{""version"": ""v1"", ""datetime"": ""2026-07-13 05:29:47"", ""pdf_url"": ""https://ai.vixra.org/pdf/2607.0037v1.pdf""}]"
82,2607.0035,PUBLICADO,"Exact Two-Dimensional SU(2) Yang-Mills in Lean: Weyl Integration, Heat-Kernel Convolution, Migdal Invariance, and the Exact Simple-Loop Area Law Author(s)",Lluis Eriksson,Mathematical Physics,submitted,2026-07-13 20:23:27,1,https://ai.vixra.org/abs/2607.0035,https://ai.vixra.org/pdf/2607.0035v1.pdf,2607.0035v1.pdf,99413dfa1431d12b6f572fced7b1a9237498a011d73f0c2de6311f614aa4887b,104316,9,no,22,AKHCZK+LMRoman10-Regular; BZIVMZ+LMMathItalic12-Regular; CAFSZL+LMRoman10-Regular; DDIEWW+LMMathSymbols10-Regular; DZGKAF+LMRoman8-Regular; FKPJSN+LMRoman7-Regular; FZDNHS+LMMathSymbols8-Regular; GJMHKB+LMMathItalic6-Regular; GQYLQL+LMRoman6-Regular; IHAIZV+LMRoman12-Bold; IXFAWU+LMRoman17-Regular; JAGKKY+LMMathItalic7-Regular; KPXLOM+LMMono10-Regular; LPOGEQ+LMMono9-Regular; NITCSQ+LMRoman10-Italic; NOMARO+LMMathExtension10-Regular; PVTTLK+MSBM10; TQTHRL+LMRoman12-Regular; UBBQTN+LMMonoLt10-Bold; UTACNV+LMMathItalic8-Regular; VDVGTR+LMMathItalic10-Regular; YEUUOC+LMRoman10-Bold,"[{""version"": ""v1"", ""datetime"": ""2026-07-13 20:23:27"", ""pdf_url"": ""https://ai.vixra.org/pdf/2607.0035v1.pdf""}]"
81,2607.0033,PUBLICADO,"One Amos Bound, Three Consumer Sites: Machine-Checked Bessel-Ratio Calculus for Lattice Gauge Expansions",Lluis Eriksson,Mathematical Physics,submitted,2026-07-12 13:19:13,1,https://ai.vixra.org/abs/2607.0033,https://ai.vixra.org/pdf/2607.0033v1.pdf,2607.0033v1.pdf,d13ccb296b9d4f9fc9fca1624487328eab40d5d32bdb213a220eb0cfc2adc972,138893,10,no,27,AIBCOH+MSBM10; AKHCZK+LMMono10-Regular-Identity-H; ALHFJP+CMMI9; BZIVMZ+LMRoman12-Regular-Identity-H; CAFSZL+LMRoman6-Regular-Identity-H; DDIEWW+LMRoman9-Regular-Identity-H; DZGKAF+CMR7; FBXEDP+CMMI6; FKPJSN+LMMono9-Regular-Identity-H; FZDNHS+CMMI7; GJMHKB+CMR10; GQYLQL+CMR8; IHAIZV+LMRoman17-Regular-Identity-H; IXFAWU+LMRoman8-Regular-Identity-H; JAGKKY+LMMono10-Italic-Identity-H; KPXLOM+LMRomanCaps10-Oblique-Identity-H; LPOGEQ+CMSY7; NITCSQ+CMEX10; NOMARO+LMRomanCaps10-Regular-Identity-H; PVTTLK+LMRoman10-Italic-Identity-H; TQTHRL+LMRoman10-Bold-Identity-H; UBBQTN+CMSY10; UTACNV+CMMI10; VDVGTR+LMRoman12-Bold-Identity-H; WXMALW+CMMI8; XKCNTN+CMSY8; YEUUOC+LMRoman10-Regular-Identity-H,"[{""version"": ""v1"", ""datetime"": ""2026-07-12 13:19:13"", ""pdf_url"": ""https://ai.vixra.org/pdf/2607.0033v1.pdf""}]"
80,2607.0032,PUBLICADO,A Machine-Checked Proof of the Amos Bound for Modified Bessel Function Ratios,Lluis Eriksson,Mathematical Physics,submitted,2026-07-12 13:23:29,1,https://ai.vixra.org/abs/2607.0032,https://ai.vixra.org/pdf/2607.0032v1.pdf,2607.0032v1.pdf,6337febe84ee7c6154c0d0801863241effbe84f7bec6c2b3e569f9d27382cb16,115661,7,no,29,AIBCOH+CMR12; AKHCZK+LMMono10-Regular-Identity-H; ALHFJP+CMR6; BKINPV+CMSY9; BZIVMZ+LMRoman12-Regular-Identity-H; CAFSZL+LMRoman6-Regular-Identity-H; DDIEWW+LMRoman9-Regular-Identity-H; DZGKAF+CMEX10; FBXEDP+CMMI9; FKPJSN+LMMono9-Regular-Identity-H; FZDNHS+CMR7; GJMHKB+CMSY10; GQYLQL+CMSY8; IHAIZV+LMRoman17-Regular-Identity-H; IXFAWU+LMRoman8-Regular-Identity-H; JAGKKY+LMMono10-Italic-Identity-H; KPXLOM+CMMI7; LPOGEQ+CMR8; NITCSQ+CMSY7; NOMARO+CMMI10; PVTTLK+LMRoman10-Italic-Identity-H; TQTHRL+LMRoman10-Bold-Identity-H; UBBQTN+CMMI8; UTACNV+CMR10; VDVGTR+LMRoman12-Bold-Identity-H; WXMALW+MSBM10; XKCNTN+CMMI12; YEUUOC+LMRoman10-Regular-Identity-H; ZXNXFB+CMR9,"[{""version"": ""v1"", ""datetime"": ""2026-07-12 13:23:29"", ""pdf_url"": ""https://ai.vixra.org/pdf/2607.0032v1.pdf""}]"
79,2607.0031,PUBLICADO,"Maintenance Is Not Restoration: Endpoint No-Go Theorems, Exact SSH Resource Horizons, and Quantum Rapid-Replacement Equality",Lluis Eriksson,Quantum Physics,submitted,2026-07-12 22:58:40,1,https://ai.vixra.org/abs/2607.0031,https://ai.vixra.org/pdf/2607.0031v1.pdf,2607.0031v1.pdf,a3eb2f8fcea49b5c6de4312aead239ccb60bba17e93ec314a44658fb77a456aa,228675,13,no,8,Courier; Helvetica; Helvetica-Bold; Helvetica-Oblique; Times-Bold; Times-BoldItalic; Times-Italic; Times-Roman,"[{""version"": ""v1"", ""datetime"": ""2026-07-12 22:58:40"", ""pdf_url"": ""https://ai.vixra.org/pdf/2607.0031v1.pdf""}]"
78,2607.0030,PUBLICADO,A Machine-Checked Proof of an Amos-Type Bound for Modified Bessel Ratios at Real Order,Lluis Eriksson,Mathematical Physics,submitted,2026-07-12 20:21:46,1,https://ai.vixra.org/abs/2607.0030,https://ai.vixra.org/pdf/2607.0030v1.pdf,2607.0030v1.pdf,fdd3c8e52d46dba22d9eebab7295059c8930cd1f9ffc903234faa2cd526753f9,122265,8,no,26,AIBCOH+CMR6; AKHCZK+LMRoman10-Italic-Identity-H; ALHFJP+CMR9; BZIVMZ+LMRoman12-Regular-Identity-H; CAFSZL+LMRoman12-Bold-Identity-H; DDIEWW+LMRoman6-Regular-Identity-H; DZGKAF+CMEX10; FKPJSN+LMRoman9-Regular-Identity-H; FZDNHS+CMR7; GJMHKB+CMSY10; GQYLQL+CMSY8; IHAIZV+LMRoman17-Regular-Identity-H; IXFAWU+LMRoman8-Regular-Identity-H; JAGKKY+LMMono10-Italic-Identity-H; KPXLOM+CMMI7; LPOGEQ+CMR8; NITCSQ+MSBM10; NOMARO+CMMI10; PVTTLK+LMMono9-Regular-Identity-H; TQTHRL+LMRoman10-Bold-Identity-H; UBBQTN+CMMI8; UTACNV+CMR10; VDVGTR+LMMono10-Regular-Identity-H; WXMALW+CMMI12; XKCNTN+CMR12; YEUUOC+LMRoman10-Regular-Identity-H,"[{""version"": ""v1"", ""datetime"": ""2026-07-12 20:21:46"", ""pdf_url"": ""https://ai.vixra.org/pdf/2607.0030v1.pdf""}]"
77,2607.0029,PUBLICADO,Exact Stabilization by Additive GKLS Control Is Impossible at a Leaky Boundary,Lluis Eriksson,Quantum Physics,submitted,2026-07-12 23:00:29,1,https://ai.vixra.org/abs/2607.0029,https://ai.vixra.org/pdf/2607.0029v1.pdf,2607.0029v1.pdf,4ba6c31bf1af2998962b552bec28adbdade0ba36a9fd3856413e3286bcc2a206,326702,15,no,12,AKHCZK+txmiaX; BZIVMZ+TeXGyreTermesX-Regular-Identity-H; CAFSZL+txsys; DDIEWW+txexs; FKPJSN+NewTXMI7; IHAIZV+TeXGyreTermesX-Bold-Identity-H; IXFAWU+TeXGyreTermesX-Italic-Identity-H; JAGKKY+NewTXMI5; PVTTLK+txsya; TQTHRL+TeXGyreTermesX-BoldItalic-Identity-H; VDVGTR+TeXGyreTermesX-Regular; YEUUOC+NewTXMI,"[{""version"": ""v1"", ""datetime"": ""2026-07-12 23:00:29"", ""pdf_url"": ""https://ai.vixra.org/pdf/2607.0029v1.pdf""}]"
76,2607.0028,PUBLICADO,Support Leakage Makes Rapid Quantum Maintenance Singular: Soft Spectral Filters and Exponent Transmutation in Dual-Rail SSH Codes,Lluis Eriksson,Quantum Physics,submitted,2026-07-12 23:01:56,1,https://ai.vixra.org/abs/2607.0028,https://ai.vixra.org/pdf/2607.0028v1.pdf,2607.0028v1.pdf,48f762cecad5655f63c76e9db00c17001a1d2077d7a9b261c0061d3603e167d2,294393,14,no,11,AKHCZK+TeXGyreTermesX-Regular; BZIVMZ+TeXGyreTermesX-Regular-Identity-H; CAFSZL+txsys; DDIEWW+NewTXMI7; FKPJSN+txsya; IHAIZV+TeXGyreTermesX-Bold-Identity-H; IXFAWU+TeXGyreTermesX-Italic-Identity-H; PVTTLK+NewTXMI5; TQTHRL+NewTXMI; VDVGTR+txexs; YEUUOC+txmiaX,"[{""version"": ""v1"", ""datetime"": ""2026-07-12 23:01:56"", ""pdf_url"": ""https://ai.vixra.org/pdf/2607.0028v1.pdf""}]"
75,2607.0025,PUBLICADO,Machine-Checked Rooted-Tree Majorants for Polymer Expansions with Holes,Lluis Eriksson,Mathematical Physics,submitted,2026-07-11 21:28:54,1,https://ai.vixra.org/abs/2607.0025,https://ai.vixra.org/pdf/2607.0025v1.pdf,2607.0025v1.pdf,c4d403868cbecb70309d714c005f20d441208287e80c3833fb1dd11294cc94ba,155324,10,no,31,AIBCOH+CMBX10; AKHCZK+LMRoman10-Italic-Identity-H; ALHFJP+CMBX8; BKINPV+CMEX8; BSJFPS+CMMI12; BZIVMZ+LMRoman12-Regular-Identity-H; CAFSZL+LMRoman6-Regular-Identity-H; DDIEWW+LMRoman9-Regular-Identity-H; DZGKAF+CMMI10; FBXEDP+CMMI6; FKPJSN+LMMono9-Regular-Identity-H; FZDNHS+CMMI7; GJMHKB+CMR10; GQYLQL+CMSY10; IHAIZV+LMRoman17-Regular-Identity-H; IXFAWU+LMRoman8-Regular-Identity-H; JAGKKY+LMMono10-Italic-Identity-H; KNCMHP+CMR12; KPXLOM+LMRomanCaps10-Oblique-Identity-H; LPOGEQ+CMR8; NITCSQ+CMR7; NOMARO+LMRomanCaps10-Regular-Identity-H; PVTTLK+LMMono10-Regular-Identity-H; TQTHRL+LMRoman10-Bold-Identity-H; UBBQTN+CMMI8; UTACNV+CMEX10; VDVGTR+LMRoman12-Bold-Identity-H; WXMALW+MSBM10; XKCNTN+CMSY8; YEUUOC+LMRoman10-Regular-Identity-H; ZXNXFB+CMR6,"[{""version"": ""v1"", ""datetime"": ""2026-07-11 21:28:54"", ""pdf_url"": ""https://ai.vixra.org/pdf/2607.0025v1.pdf""}]"
74,2607.0023,PUBLICADO,"Ratio Monotonicity for a Killed von Mises Bridge: Exact Bridge Structure, Certified Negative Results, a Single-Bessel Reduction, and a Two-Scale Closure Map for a Surface Expansion in Two-Dimensional Lattice Gauge Theory",Lluis Eriksson,Mathematical Physics,submitted,2026-07-09 23:37:55,1,https://ai.vixra.org/abs/2607.0023,https://ai.vixra.org/pdf/2607.0023v1.pdf,2607.0023v1.pdf,88d4cbd1bd2fce81370b79b56ec5b78c990513c7782263bbb06d3e05902bbf66,416719,13,no,25,BVIIMB+LMMono10-Regular; CAETXT+LMMathItalic12-Regular; CUQSEZ+LMRoman6-Regular; CVKMIS+LMMathItalic8-Regular; DGFIRL+LMRoman7-Regular; EJRPRG+LMRoman12-Regular; HKKEOD+LMRoman8-Regular; HRWMID+LMMathItalic10-Regular; KWVTUY+LMMathItalic6-Regular; LYZBTP+LMRoman17-Regular; MCVQNJ+LMMathSymbols7-Regular; MEUAJZ+MSBM10; MZTCCT+LMRoman10-Bold; OEUFPW+LMMathExtension10-Regular; PRBXED+LMMono10-Italic; QJSGBB+LMRoman12-Bold; SFMPRZ+LMMathItalic7-Regular; SVPGCE+LMRoman10-Italic; UFDGAY+MSAM10; VMFHDR+LMMathSymbols10-Regular; VTGKBH+LMMathSymbols8-Regular; ZPUKVE+LMRoman10-Regular,"[{""version"": ""v1"", ""datetime"": ""2026-07-09 23:37:55"", ""pdf_url"": ""https://ai.vixra.org/pdf/2607.0023v1.pdf""}]"
73,2607.0020,PUBLICADO,"Recurrence-Amos Proof of the Unit-Step Order-Monotonicity of (log I_nu)', with a Feynman-Hellmann Application to Two-Dimensional Lattice Gauge Theory",Lluis Eriksson,Mathematical Physics,submitted,2026-07-09 13:40:14,1,https://ai.vixra.org/abs/2607.0020,https://ai.vixra.org/pdf/2607.0020v1.pdf,2607.0020v1.pdf,98a312e39cb60ad102f19da4b831a0c0c09ad6e6a7febcc6ec2600580c09ebd3,338164,8,no,23,ACQOHD+LMMathSymbols7-Regular; CGGGEE+LMRoman17-Regular; EVQJOH+LMMathItalic10-Regular; EZWVFI+LMRoman12-Bold; GMTMST+LMRoman10-Bold; KNNOVU+LMRoman8-Regular; KQGTVW+LMRoman6-Regular; NFMPMB+LMMathSymbols10-Regular; NLVDTA+LMMathSymbols8-Regular; NQVBMO+LMMathSymbols6-Regular; PFBEDV+LMMathItalic7-Regular; QBHSXD+LMMono10-Regular; SVPXIN+MSBM10; TAPYRD+LMMathItalic8-Regular; TTAKTA+LMRoman12-Regular; UJOMVO+LMRoman10-Italic; USUIRI+LMMathItalic12-Regular; WCDSRP+LMMathItalic6-Regular; WHBUOT+LMRoman7-Regular; XJGFIW+LMMathExtension10-Regular; ZPXOQB+LMRoman10-Regular,"[{""version"": ""v1"", ""datetime"": ""2026-07-09 13:40:14"", ""pdf_url"": ""https://ai.vixra.org/pdf/2607.0020v1.pdf""}]"
72,2607.0018,PUBLICADO,Parity Barriers for Decoupling Inequalities: Why No Comparison Functional of Bounded Marginal Order Can Certify Uniform Decoupling,Lluis Eriksson,Mathematical Physics,submitted,2026-07-09 14:57:20,1,https://ai.vixra.org/abs/2607.0018,https://ai.vixra.org/pdf/2607.0018v1.pdf,2607.0018v1.pdf,dc3b243efcb6f161516b48a7f17bd0e79092b59d17476f3cf8f3f40a7bd9ba4b,284127,4,no,18,DMARAG+LMRoman7-Regular; ETSGCX+LMRoman17-Regular; HKZUYU+LMMathItalic7-Regular; IGPIOP+LMRoman12-Regular; IVRMDV+LMMathSymbols10-Regular; JJSTIX+LMRoman12-Bold; JWROBD+LMMathItalic8-Regular; OEVDXU+LMRoman10-Bold; PSYAOC+LMMathExtension10-Regular; RAZVEJ+MSBM10; RRAXNX+LMMono10-Regular; TEQQYO+LMRoman10-Italic; TUEXRG+LMMathSymbols8-Regular; TWUDGV+LMRoman10-Regular; XKAWGP+LMMathItalic6-Regular; YINQKX+LMMathItalic10-Regular; ZVJBCS+LMRoman8-Regular,"[{""version"": ""v1"", ""datetime"": ""2026-07-09 14:57:20"", ""pdf_url"": ""https://ai.vixra.org/pdf/2607.0018v1.pdf""}]"
71,2607.0017,PUBLICADO,"A Weighted Turan-Type Monotonicity Lemma for Modified Bessel Functions via the Calibrated Amos Bound, with an Application to the Ordering of a Surface Expansion in Two-Dimensional Lattice Gauge Theory",Lluis Eriksson,Mathematical Physics,submitted,2026-07-09 19:34:39,1,https://ai.vixra.org/abs/2607.0017,https://ai.vixra.org/pdf/2607.0017v1.pdf,2607.0017v1.pdf,b6307a215b321c380f1f76b117e6cb6c660239c176b0b25c45fe2fe5a3c59d50,305866,5,no,19,ABPSBN+LMRoman10-Italic; CNBZYS+LMRoman10-Bold; GNYZEZ+LMRoman12-Bold; GVUMHO+LMMathExtension10-Regular; HMWPSR+LMRoman17-Regular; KQPADA+LMMathItalic10-Regular; KWWSXS+LMMono10-Regular; MPGRBF+LMRoman8-Regular; NIOOTK+LMMathItalic7-Regular; OPALWE+LMMathItalic8-Regular; RJMBOB+LMRoman10-Regular; RSBFRV+LMRoman7-Regular; RWPYUE+LMMathSymbols7-Regular; SSDOLY+LMMathSymbols8-Regular; TTAKTA+LMRoman12-Regular; UBWFJX+LMMathSymbols10-Regular; UFDGAY+MSAM10; YDFYGF+LMMathItalic12-Regular,"[{""version"": ""v1"", ""datetime"": ""2026-07-09 19:34:39"", ""pdf_url"": ""https://ai.vixra.org/pdf/2607.0017v1.pdf""}]"
70,2607.0005,PUBLICADO,A Machine-Checked Volume-Uniform Wilson-Loop Area Law via a Formalized Cluster Expansion,Lluis Eriksson,Mathematical Physics,submitted,2026-07-02 21:47:02,1,https://ai.vixra.org/abs/2607.0005,https://ai.vixra.org/pdf/2607.0005v1.pdf,2607.0005v1.pdf,b1001b2f446e84e9d4c46975406aaca5f4befa0ab863850c6a00f494af44816e,286065,6,no,22,AIWAYO+CMR10; ANPHFJ+CMR7; CMIBGN+MSBM10; CQVJIJ+CMBX12; DCOUNS+CMTI10; DOYIZZ+CMITT10; ERQPFV+CMMI6; FDRZCB+CMR17; FDSOAU+CMMI10; FERNAX+CMSY8; FOAJIM+CMSY10; GBCRXR+CMR6; GWJQAP+MSAM10; KBOQQE+CMMI8; KGPIXC+CMR12; KJQDHA+CMTT10; PTEAUI+CMMI5; UVWFQH+CMEX10; VNYITN+CMMI7; VSFXAS+CMR8; VVJXTE+CMBX10; YQQIWR+CMSY7,"[{""version"": ""v1"", ""datetime"": ""2026-07-02 21:47:02"", ""pdf_url"": ""https://ai.vixra.org/pdf/2607.0005v1.pdf""}]"
69,2607.0001,PUBLICADO,A Machine-Verified Bijective Proof of the Rooted Child-Factorial Catalan Identity over Spanning Trees of the Complete Graph,Lluis Eriksson,Mathematical Physics,submitted,2026-07-02 19:14:41,1,https://ai.vixra.org/abs/2607.0001,https://ai.vixra.org/pdf/2607.0001v1.pdf,2607.0001v1.pdf,4fa970934eea954103fafd9f02250c9f04c79e487efaf8bd704aeff9efbdb99c,282891,8,no,22,CQECYJ+CMSY8; F141; GNHOUD+MSBM10; GUEBTE+CMTT10; HUJMFJ+CMR8; IMJDEK+CMR17; KGPIXC+CMR12; KITQKJ+CMMI8; LAQGGL+CMBX12; LJCTVQ+CMMI7; LQPUCB+CMBX10; OJYNWG+CMEX10; OWGGST+CMR6; RAFNRP+CMMI5; SNJWLC+CMR10; TNUHKX+CMR7; TNVWQR+CMMI6; TPDSAJ+CMTI10; UEAUSL+CMSY7; VHOTNI+CMSY10; WBHEWL+CMR5; WTCMGW+CMMI10,"[{""version"": ""v1"", ""datetime"": ""2026-07-02 19:14:41"", ""pdf_url"": ""https://ai.vixra.org/pdf/2607.0001v1.pdf""}]"
68,2602.0117,PUBLICADO,THE MASTER MAP - Audit Experiments Report: Mechanical Audit Experiments and Reproducibility Appendix for the 2602-Series Programme on 4D SU(N) Yang-Mills,Lluis Eriksson,Mathematical Physics,replaced,2026-07-07 04:01:30,3,https://ai.vixra.org/abs/2602.0117,https://ai.vixra.org/pdf/2602.0117v3.pdf,2602.0117v3.pdf,8c9dc4bc5bb8670a3414772b01608a5d9c62fb50d81e99da5f7e1d0dfe3008f6,315523,4,no,30,AZCYEV+CMTT9; BUZRUK+CMTT10; DUYBGA+CMBX10; DYBKGZ+CMR9; EHMNGK+CMR7; EXZFER+CMMI6; F54; F64; F68; F81; F84; GHLMXT+CMR6; GMCGLL+CMSY6; HOLQQK+CMTI9; LWCGGT+CMR17; MHLXLM+CMR8; MQHKBG+CMMI9; MQPELY+CMR10; OBNNYI+CMBX12; PEYULJ+CMTI10; PUNDNY+CMMI12; QFWFWP+CMR12; QHCNJI+CMSY9; QTBNMB+CMBX9; SLFFSW+CMMI8; THGOAZ+CMR5; TVCZJB+CMMI10; VPLWUJ+CMSY8; YZPTWU+CMSY10; ZQLTBN+CMSY7,"[{""version"": ""v1"", ""datetime"": ""2026-02-26 19:59:49"", ""pdf_url"": ""https://ai.vixra.org/pdf/2602.0117v1.pdf""}, {""version"": ""v2"", ""datetime"": ""2026-02-27 02:16:52"", ""pdf_url"": ""https://ai.vixra.org/pdf/2602.0117v2.pdf""}, {""version"": ""v3"", ""datetime"": ""2026-07-07 04:01:30"", ""pdf_url"": ""https://ai.vixra.org/pdf/2602.0117v3.pdf""}]"
67,2602.0096,PUBLICADO,THE MASTER MAP: An Audit-First Navigation Guide to the Conditional Construction of 4D SU(N) Yang-Mills with Mass Gap - the Audited-Ledger,Lluis Eriksson,Mathematical Physics,replaced,2026-07-07 03:45:06,2,https://ai.vixra.org/abs/2602.0096,https://ai.vixra.org/pdf/2602.0096v2.pdf,2602.0096v2.pdf,8b9fc960236d9bdba9929e8cba82846d8670dd63fb4643506a2fb2b647087733,351643,5,no,34,BSRDUV+CMTT9; CRHGBH+CMBX12; DRSFHC+CMSY5; ERQPFV+CMMI6; F55; F65; F67; F68; F82; F83; FDPHNF+CMSY8; GMCGLL+CMSY6; HJMLHD+CMR9; IPLRIJ+CMMI10; IVDWWD+CMTI12; JREFGA+CMR12; KJQMKN+CMSY9; MXLIJB+CMSY10; OUFKMD+CMMI8; PUNDNY+CMMI12; QJNDRH+CMMI7; RNGZZR+CMR7; SAUQMG+CMMI9; TIRBHU+CMR8; UBXNRD+CMR17; UUPVDL+CMR6; VJAJBY+CMTT10; XHJZGK+CMBX10; XSBJNE+MSBM10; YGPQMM+CMBX9; YHTPKO+CMR10; YQJSDJ+CMEX10; ZQLTBN+CMSY7; ZZIJSA+CMTI10,"[{""version"": ""v1"", ""datetime"": ""2026-02-20 06:04:55"", ""pdf_url"": ""https://ai.vixra.org/pdf/2602.0096v1.pdf""}, {""version"": ""v2"", ""datetime"": ""2026-07-07 03:45:06"", ""pdf_url"": ""https://ai.vixra.org/pdf/2602.0096v2.pdf""}]"
66,2602.0092,PUBLICADO,Rotational Symmetry Restoration and the Wightman Axioms for Four-Dimensional SU(N) Yang-Mills Theory,Lluis Eriksson,Mathematical Physics,replaced,2026-07-07 03:30:44,2,https://ai.vixra.org/abs/2602.0092,https://ai.vixra.org/pdf/2602.0092v2.pdf,2602.0092v2.pdf,9564aec01a4836c98cac7c3779c801dc9dc654e52cb467b1f07d8469f64d4131,314961,4,no,30,ADOMNR+CMSY10; BSRDUV+CMTT9; CIKEJY+CMSY8; DNBFOQ+CMR7; DTJIOW+CMMI10; DUEHAB+CMMI9; EIOXXN+CMBX12; ESTTAX+CMMI7; F61; F71; F73; F81; F85; GUOWTK+CMSY6; HJWJRP+CMBX9; JCUICH+CMTI10; JOHXGF+CMR10; KCHRBR+CMMI6; KYWASH+CMR17; LSWWSZ+CMR8; PQVSXS+CMTI9; PUNDNY+CMMI12; PXBGHL+CMSY7; RYEOQG+CMSY9; UQMCMZ+CMTT10; UWDSSS+CMR9; WBZUZN+CMMI8; WZULFI+CMR12; XTJZVU+CMR6; YRMUNE+CMBX10,"[{""version"": ""v1"", ""datetime"": ""2026-02-19 12:13:41"", ""pdf_url"": ""https://ai.vixra.org/pdf/2602.0092v1.pdf""}, {""version"": ""v2"", ""datetime"": ""2026-07-07 03:30:44"", ""pdf_url"": ""https://ai.vixra.org/pdf/2602.0092v2.pdf""}]"
65,2602.0091,PUBLICADO,A Source-Mapped Terminal KP Bound and a Conditional Clay Checklist for the 4D SU(N) Yang-Mills Programme,Lluis Eriksson,Mathematical Physics,replaced,2026-07-07 03:16:58,2,https://ai.vixra.org/abs/2602.0091,https://ai.vixra.org/pdf/2602.0091v2.pdf,2602.0091v2.pdf,ac6833cff2d630d4e9769c610532edef26df6270f956621d5ea743570a946fa5,345614,4,no,29,AYPAZQ+CMSY10; BXTLPV+CMMI8; CUJLCR+CMBX12; CUZZUJ+CMMI9; F61; F71; GMCGLL+CMSY6; GNIUYS+CMBX10; IINIOZ+CMTT9; IXNPPI+CMEX10; KKJSHU+CMMI7; LZMBQC+CMR17; NUOUBI+CMTI9; PJIMIW+CMSY8; PPSZMZ+CMR7; PUNDNY+CMMI12; QCVHIM+CMR5; QLRQBE+CMMI10; QSUEQH+CMSY7; TUAIQV+CMSY9; UGPDPN+CMR8; VLKSAW+CMTT10; WETLPN+CMMI6; WGYSOZ+CMR6; WZULFI+CMR12; XWQZMY+CMR10; YBEUOE+CMBX9; YKFLFI+CMTI10; ZPJXYZ+CMR9,"[{""version"": ""v1"", ""datetime"": ""2026-02-19 12:16:47"", ""pdf_url"": ""https://ai.vixra.org/pdf/2602.0091v1.pdf""}, {""version"": ""v2"", ""datetime"": ""2026-07-07 03:16:58"", ""pdf_url"": ""https://ai.vixra.org/pdf/2602.0091v2.pdf""}]"
64,2602.0089,PUBLICADO,Spectral Gap and Thermodynamic Limit for SU(N) Lattice Yang-Mills Theory via Log-Sobolev Inequalities and Complete Analyticity,Lluis Eriksson,Mathematical Physics,replaced,2026-07-07 02:48:05,2,https://ai.vixra.org/abs/2602.0089,https://ai.vixra.org/pdf/2602.0089v2.pdf,2602.0089v2.pdf,643a510a9377907bce72f7bf29cc4ea765ec1ef3d2b68596d1c9be87833759e7,361983,5,no,31,AMPCDW+CMR7; BCMQDX+CMMI9; BDILBE+CMTI10; CSZZDV+CMBX12; DHCKEN+CMBX10; DSBTAZ+CMR17; DYARTA+CMMI7; EWHBNL+CMEX10; F61; F71; F83; GXLZXG+CMSY10; HVDPAK+CMMI10; IIVQHV+CMR5; ILCHUP+CMR8; ITVQIB+CMSY6; IZIZGU+CMSY7; JNZLNB+CMMI6; KWQNSD+CMSY8; LJHWKV+CMR10; LJJVKU+CMBX9; MONKAA+CMMI5; PGFDRZ+CMTT10; PUNDNY+CMMI12; QTYPNU+CMTT9; RFLWPQ+CMSY9; SKMEQL+CMMI8; SWMYHD+CMR6; WZULFI+CMR12; XPRYTU+CMTI9; YGGGSM+CMR9,"[{""version"": ""v1"", ""datetime"": ""2026-02-18 09:21:04"", ""pdf_url"": ""https://ai.vixra.org/pdf/2602.0089v1.pdf""}, {""version"": ""v2"", ""datetime"": ""2026-07-07 02:48:05"", ""pdf_url"": ""https://ai.vixra.org/pdf/2602.0089v2.pdf""}]"
63,2602.0088,PUBLICADO,Exponential Clustering and Mass Gap for Four-Dimensional SU(N) Lattice Yang-Mills Theory via Balaban's Renormalization Group and Multiscale Correlator Decoupling,Lluis Eriksson,Mathematical Physics,replaced,2026-07-07 02:13:55,3,https://ai.vixra.org/abs/2602.0088,https://ai.vixra.org/pdf/2602.0088v3.pdf,2602.0088v3.pdf,e4f976817401b36e4ebffb80d0a13c6534cf425fcd723fd6da184ac1411f8914,385625,7,no,32,AMWPOP+CMBX9; ANDKZA+CMSY7; ANZBHN+CMBX10; BFBTMN+CMMI7; BYZKAR+CMMI9; DRSFHC+CMSY5; EPSRBL+CMR10; F61; F71; F84; GICWLX+CMR9; GWZRTV+CMR7; HUSJZA+CMEX10; IPAZCP+CMSY8; LWKHEK+CMR8; LWPODW+CMTT9; LXVAGS+CMTT10; MBADKU+MSBM10; OQWRRC+CMMI10; ORBQXY+CMR12; PUNDNY+CMMI12; QCVHIM+CMR5; RMSNVF+CMTI10; RNFLFJ+CMR6; RYNAOH+CMBX12; SIMRRI+CMMI6; SJELRS+CMSY10; WCAICT+CMR17; XLSDJC+CMSY9; ZETNJY+CMMI5; ZHJZJA+CMSY6; ZOOFZS+CMMI8,"[{""version"": ""v1"", ""datetime"": ""2026-02-18 17:31:06"", ""pdf_url"": ""https://ai.vixra.org/pdf/2602.0088v1.pdf""}, {""version"": ""v2"", ""datetime"": ""2026-02-19 12:11:33"", ""pdf_url"": ""https://ai.vixra.org/pdf/2602.0088v2.pdf""}, {""version"": ""v3"", ""datetime"": ""2026-07-07 02:13:55"", ""pdf_url"": ""https://ai.vixra.org/pdf/2602.0088v3.pdf""}]"
62,2602.0087,PUBLICADO,"Irrelevant Operators, Anisotropy Bounds, and Operator Insertions in Balaban's RG for 4d SU(N) Lattice Yang-Mills: Symanzik Classification and Quantitative Irrelevance of O(4)-Breaking Operators",Lluis Eriksson,Mathematical Physics,replaced,2026-07-07 01:19:53,3,https://ai.vixra.org/abs/2602.0087,https://ai.vixra.org/pdf/2602.0087v3.pdf,2602.0087v3.pdf,bb04b5dd196464ae1d67e75697ab7b41b58afe4dcd19a16d9b7257c73e9624f6,343285,6,no,30,BAHKUC+CMMI6; DYAUDB+CMR10; F44; F67; F68; F85; F93; FABHSH+CMEX10; FOWHJP+CMR7; FQYTBI+CMMI9; GUOWTK+CMSY6; HMRXPZ+CMR8; IEOCLF+CMMI7; IMERSP+CMMI10; JATEPA+CMR9; JSCGSV+CMBX12; KLUUSP+CMSY10; LXGHEP+CMTI10; OLYKRV+CMMI8; PBXMNY+CMSY8; PJCEBU+CMSY7; PJXXIP+CMR17; PQVSXS+CMTI9; QDTWCG+MSBM10; QMTIRJ+CMR6; QWMCIE+CMSY9; SLNAJX+CMTT10; SSAPLE+CMBX10; UGOTQP+CMMI12; VKVHON+CMR12,"[{""version"": ""v1"", ""datetime"": ""2026-02-18 18:58:54"", ""pdf_url"": ""https://ai.vixra.org/pdf/2602.0087v1.pdf""}, {""version"": ""v2"", ""datetime"": ""2026-02-19 12:12:41"", ""pdf_url"": ""https://ai.vixra.org/pdf/2602.0087v2.pdf""}, {""version"": ""v3"", ""datetime"": ""2026-07-07 01:19:53"", ""pdf_url"": ""https://ai.vixra.org/pdf/2602.0087v3.pdf""}]"
61,2602.0085,PUBLICADO,Ultraviolet Stability of Wilson-Loop Expectations in 4D Lattice Yang—Mills Theory Via Multiscale Gradient-Flow Smoothing,Lluis Eriksson,Mathematical Physics,submitted,2026-02-17 16:18:50,1,https://ai.vixra.org/abs/2602.0085,https://ai.vixra.org/pdf/2602.0085v1.pdf,2602.0085v1.pdf,930e7ea90a21b78a71fe73bfcc48519b0ee17c66f9fe23bdf7fead21829dfd8d,458519,21,no,25,AITLJV+LMMono10-Regular; AMTYTU+LMMathExtension10-Regular; DNILPE+LMRoman8-Regular; EFOWXP+LMMathSymbols10-Regular; KAKXWB+LMRoman12-Bold; KOUAEB+LMMathItalic10-Regular; LAMHMI+LMRoman10-BoldItalic; LQZBSO+LMMathSymbols8-Regular; LRBAHR+LMRoman10-Bold; MFWZFR+LMRoman12-Regular; OWHPRK+LMMathItalic6-Regular; QIPYIM+MSAM10; QJBUSF+LMRoman8-Bold; RBNVPH+LMMathItalic8-Regular; SNBJHO+LMMathSymbols6-Regular; SPDLFX+LMRoman6-Regular; TJBBJE+LMRoman12-Italic; VWQUJI+LMMathItalic12-Regular; WNYNPW+LMRoman10-Italic; WVDTBT+LMRoman10-Regular; WVNDNX+EUFM10; XPYJHQ+MSBM10,"[{""version"": ""v1"", ""datetime"": ""2026-02-17 16:18:50"", ""pdf_url"": ""https://ai.vixra.org/pdf/2602.0085v1.pdf""}]"
60,2602.0084,PUBLICADO,Almost Reflection Positivity for Gradient-Flow Observables via Gaussian Localization in Lattice Yang-Mills Theory,Lluis Eriksson,Mathematical Physics,submitted,2026-02-17 19:43:23,1,https://ai.vixra.org/abs/2602.0084,https://ai.vixra.org/pdf/2602.0084v1.pdf,2602.0084v1.pdf,633c08d3f3528b60cdbcaf0d13c257aa49f6df68f4717802170dc50beeb52211,324928,15,no,24,AUOQOU+CMBX12; BJJUTO+EUFM10; DBAFCW+CMTT10; DEZNTH+CMSY6; DZTUDE+CMR12; EVJZXO+CMR10; F85; F86; FABEJL+CMMI12; FWZIAB+CMEX10; HGWXMO+CMR8; ILQXJS+CMR6; JGEWHD+SFTI1200; KJPKHC+CMBXTI10; LSGQYW+CMSY10; PYLDKQ+CMMI8; QBUOHA+SFRM1200; QZKRDM+CMBX10; THYDAY+CMMI10; UGPEVE+CMTI12; VEJUDI+MSBM10; WXOEEP+CMMI6; XKLAKC+CMTI10; ZRMLXO+CMSY8,"[{""version"": ""v1"", ""datetime"": ""2026-02-17 19:43:23"", ""pdf_url"": ""https://ai.vixra.org/pdf/2602.0084v1.pdf""}]"
59,2602.0077,PUBLICADO,Ultraviolet Stability for Four-Dimensional Lattice Yang-Mills Theory: Closing the Bałaban-Doob Circuit under Quantitative Blocking and Decoupling Hypotheses,Lluis Eriksson,Mathematical Physics,replaced,2026-07-06 22:57:16,2,https://ai.vixra.org/abs/2602.0077,https://ai.vixra.org/pdf/2602.0077v2.pdf,2602.0077v2.pdf,c307815051a40602c81ff252c57b33201176aa271dcc47100df6306f939afece,300988,6,no,25,DHNABU+CMMI8; ENTOPM+CMMI6; F44; F67; F84; F85; JSMBKK+CMTI9; JXVWAP+CMR10; KPCMYS+CMSY10; LALTAD+CMSY8; MLFPBA+CMEX10; NAEDHV+CMR17; NLWCXT+CMMI7; OEYJTU+CMR9; PITGBC+CMMI10; QFRHDD+CMBX12; SDVCAT+CMSY7; UCKJCB+CMR12; URVXZM+CMSY9; UVTHDC+CMR7; WIRDCL+CMR6; WJRDVK+CMTT10; WWWTAK+CMBX10; XECPGV+CMTI10; XQZAZL+CMR8,"[{""version"": ""v1"", ""datetime"": ""2026-02-15 05:11:13"", ""pdf_url"": ""https://ai.vixra.org/pdf/2602.0077v1.pdf""}, {""version"": ""v2"", ""datetime"": ""2026-07-06 22:57:16"", ""pdf_url"": ""https://ai.vixra.org/pdf/2602.0077v2.pdf""}]"
58,2602.0073,PUBLICADO,RG-Cauchy Summability for Blocked Observables in 4d Lattice Yang-Mills Theory via Balaban's Renormalization Group — a Conditional Summability Theorem,Lluis Eriksson,Mathematical Physics,replaced,2026-07-06 22:43:46,2,https://ai.vixra.org/abs/2602.0073,https://ai.vixra.org/pdf/2602.0073v2.pdf,2602.0073v2.pdf,d4cca98f18616da4a035528ef54e3e00413620b7537eeca3afd717885ce836d6,374978,8,no,31,CGTGIN+MSBM10; CKFQHP+CMR9; DXHXTU+CMEX10; EATBNT+CMMI9; ECPFKR+CMTI10; EMNHQG+CMMI10; F44; F67; F84; F93; FUHAQV+CMBXTI10; HCNAMU+CMTI9; IDFYMX+CMBX12; OITNUT+CMSY9; OJDQBT+CMR8; PBCTCL+CMMI7; PRCMMT+CMR6; PXBGHL+CMSY7; QOBYBU+CMBX10; SGTIUB+CMMI8; SMKZDA+CMR7; SRFMIF+CMSY10; THPNLT+CMEX9; UCKJCB+CMR12; UFDGAY+MSAM10; WBASQA+CMR17; WJJDQI+CMTT10; XPYIOV+CMR10; XVSYHI+CMMI6; ZHJZJA+CMSY6; ZHUDQZ+CMSY8,"[{""version"": ""v1"", ""datetime"": ""2026-02-14 09:06:13"", ""pdf_url"": ""https://ai.vixra.org/pdf/2602.0073v1.pdf""}, {""version"": ""v2"", ""datetime"": ""2026-07-06 22:43:46"", ""pdf_url"": ""https://ai.vixra.org/pdf/2602.0073v2.pdf""}]"
57,2602.0072,PUBLICADO,Influence Bounds for Polymer Remainders in Balaban's Renormalization Group: an Unconditional Efron-Stein Bound and a Conditional (B6) Closure for the RG-Cauchy Programme in 4D Lattice Yang-Mills,Lluis Eriksson,Mathematical Physics,replaced,2026-07-06 22:27:51,2,https://ai.vixra.org/abs/2602.0072,https://ai.vixra.org/pdf/2602.0072v2.pdf,2602.0072v2.pdf,8f817fb47566489fd07ffde0d86ae6a0a647eb80db008c6bd636b4f69a3a79f8,355928,7,no,30,AICAWW+MSBM10; AUQSVO+CMR6; CLQLNA+CMTI9; F44; F67; F84; F85; FJJBWQ+MSAM10; GMJMKG+CMMI5; HMRPYM+CMEX10; IWLXOR+CMR9; JBUOEJ+CMSY10; JKOOWH+CMBX12; JXDKDU+CMSY8; KXGEVB+CMMI6; LHSPEZ+CMR8; NCIQYM+CMMI8; PHHBMO+CMMI9; PRTLKX+CMBXTI10; QVOCZW+CMMI7; QWMCIE+CMSY9; TGDEZT+CMR17; UCKJCB+CMR12; UEAUSL+CMSY7; VEABZT+CMMI10; VGUOTH+CMR7; WJRDVK+CMTT10; XKCTTZ+CMTI10; XYVJGB+CMBX10; YPEWYD+CMR10,"[{""version"": ""v1"", ""datetime"": ""2026-02-14 11:43:03"", ""pdf_url"": ""https://ai.vixra.org/pdf/2602.0072v1.pdf""}, {""version"": ""v2"", ""datetime"": ""2026-07-06 22:27:51"", ""pdf_url"": ""https://ai.vixra.org/pdf/2602.0072v2.pdf""}]"
56,2602.0070,PUBLICADO,Doob Influence Bounds for Polymer Remainders in 4D Lattice Yang-Mills Renormalization — a Corrected and Conditional Influence Bound,Lluis Eriksson,Mathematical Physics,replaced,2026-07-06 22:13:35,2,https://ai.vixra.org/abs/2602.0070,https://ai.vixra.org/pdf/2602.0070v2.pdf,2602.0070v2.pdf,b40539a6faa1f229debea10e73ee729a6fdc98de8cd9e8b47339f465528132f4,364424,7,no,29,AICAWW+MSBM10; AUQSVO+CMR6; BRGDIP+CMR7; CUVFUM+CMBX12; DHJTNK+CMMI10; DHVSOC+CMMI7; DWLWSF+CMSY8; EKHFDA+CMSY10; F44; F67; FRXOXG+CMSY7; HBIEHQ+CMSY6; HGUOVG+CMR9; KXLSQP+CMR8; LSSAMZ+CMTI9; MQNXKI+CMEX10; POWUVC+CMR5; PYXUPF+CMMI9; QIPYIM+MSAM10; QYHXNK+CMMI8; TGTSMV+CMR10; TTKRVF+CMMI6; UCKJCB+CMR12; UWXYAW+CMBX10; VAKRXO+CMBXTI10; VKMESZ+CMMI5; WJRDVK+CMTT10; YNRPGB+CMTI10; YUBDHZ+CMR17,"[{""version"": ""v1"", ""datetime"": ""2026-02-14 18:53:53"", ""pdf_url"": ""https://ai.vixra.org/pdf/2602.0070v1.pdf""}, {""version"": ""v2"", ""datetime"": ""2026-07-06 22:13:35"", ""pdf_url"": ""https://ai.vixra.org/pdf/2602.0070v2.pdf""}]"
55,2602.0069,PUBLICADO,"The Balaban—Dimock Structural Package: Derivation of Polymer Representation, Oscillation Bounds, and Large-Field Suppression for Lattice Yang—Mills Theory from Primary Sources",Lluis Eriksson,Mathematical Physics,replaced,2026-07-06 21:58:43,2,https://ai.vixra.org/abs/2602.0069,https://ai.vixra.org/pdf/2602.0069v2.pdf,2602.0069v2.pdf,9bcb3d30ed9179af32ca72e9fc75201a17342d1724e64392191d40fce99bda4c,389252,10,no,32,BIPWMH+CMR8; DMENYH+CMR6; EHTPXI+CMTI9; EVUOXG+CMMI12; F44; F67; F84; F85; HMXPOG+CMMI6; JQRYRR+CMMI10; KCMTWW+CMR10; KYFCTD+CMTI10; MPMWDL+EUFM10; NQLEEW+CMSY6; NXAYRL+CMR9; PCKNJY+CMMI5; PRFANR+CMMI7; PXBGHL+CMSY7; QCVHIM+CMR5; QDTWCG+MSBM10; RFTNBJ+CMSY8; RIDHVE+CMSY10; SOOUBS+CMEX10; SQPCIG+CMTT10; TMHVPV+MSAM10; UAGUOC+CMBX10; UCKJCB+CMR12; WQYYMT+CMMI8; XEZUXG+CMR17; YDGZFM+CMR7; ZDEPVM+CMMI9; ZXQOAU+CMBX12,"[{""version"": ""v1"", ""datetime"": ""2026-02-14 20:48:17"", ""pdf_url"": ""https://ai.vixra.org/pdf/2602.0069v1.pdf""}, {""version"": ""v2"", ""datetime"": ""2026-07-06 21:58:43"", ""pdf_url"": ""https://ai.vixra.org/pdf/2602.0069v2.pdf""}]"
54,2602.0063,PUBLICADO,"Conditional Continuum Limit of 4d SU(Nc) Yang-Mills Theory via Two-Layer Architecture, RG-Cauchy Uniqueness, and Step-Scaling Confinement",Lluis Eriksson,Mathematical Physics,replaced,2026-07-06 21:28:43,3,https://ai.vixra.org/abs/2602.0063,https://ai.vixra.org/pdf/2602.0063v3.pdf,2602.0063v3.pdf,c8dacbd5e47dcc10bbb4f80ece4c3a516b137288b0c4cd3a806523a6286f716f,409334,15,no,31,AABXVR+CMSY8; AMTFDA+CMMI10; BJBQRD+EUFM10; BTGFYJ+CMSY10; F44; F67; F84; F88; F93; JJJSBI+CMMI8; JKSUUE+CMSY6; KCCPXY+CMR12; KIBVYL+CMR7; LLJWOT+CMBX12; NBRITE+CMR9; OVPPIF+CMR6; PJCEBU+CMSY7; PQEFDK+CMTI10; PSHIRC+CMR17; QIPYIM+MSAM10; QQNSPD+CMMI7; RELCSW+CMTI9; SVPXIN+MSBM10; TAOCOE+CMMI6; THGOAZ+CMR5; TPEMBA+CMTT10; WXCCEY+CMR8; XTQBGJ+CMEX10; XUTIBB+CMBX10; ZFLKLZ+CMMI12; ZOAOKX+CMR10,"[{""version"": ""v1"", ""datetime"": ""2026-02-13 16:30:51"", ""pdf_url"": ""https://ai.vixra.org/pdf/2602.0063v1.pdf""}, {""version"": ""v2"", ""datetime"": ""2026-02-14 08:18:38"", ""pdf_url"": ""https://ai.vixra.org/pdf/2602.0063v2.pdf""}, {""version"": ""v3"", ""datetime"": ""2026-07-06 21:28:43"", ""pdf_url"": ""https://ai.vixra.org/pdf/2602.0063v3.pdf""}]"
53,2602.0057,PUBLICADO,Integrated Cross-Scale Derivative Bounds for Wilson Lattice Gauge Theory: Closing the Log-Sobolev Gap — a Conditional and Windowed Closure,Lluis Eriksson,Mathematical Physics,replaced,2026-07-06 21:06:18,2,https://ai.vixra.org/abs/2602.0057,https://ai.vixra.org/pdf/2602.0057v2.pdf,2602.0057v2.pdf,f7dbac96b0c03e59bd883aa664c9bbf0b48100f29560a2acbf504a067d084bb5,382115,13,no,29,BJBQRD+EUFM10; CLZBMZ+CMMI8; CXDKDN+CMMI7; EJCSQD+CMBX10; F44; F67; F82; F91; FJVBYK+CMSY10; HVJNGJ+CMR17; IRHQWZ+CMR8; JKSUUE+CMSY6; JVQUOH+MSBM10; MJQULD+CMR12; NTHORF+CMEX10; OMWUXA+CMR9; OQABEH+CMR7; PJCEBU+CMSY7; QHDWSZ+CMR10; RHOOYN+CMR6; RJADPY+CMMI10; SALDWJ+CMTI10; TOMROY+CMMI12; TVDIDK+CMMI6; WDYYII+CMTT10; XIUHUM+CMBX12; YJUITE+CMMI5; YSIVMY+CMR5; ZFUMTW+CMSY8,"[{""version"": ""v1"", ""datetime"": ""2026-02-12 19:06:11"", ""pdf_url"": ""https://ai.vixra.org/pdf/2602.0057v1.pdf""}, {""version"": ""v2"", ""datetime"": ""2026-07-06 21:06:18"", ""pdf_url"": ""https://ai.vixra.org/pdf/2602.0057v2.pdf""}]"
52,2602.0056,PUBLICADO,Large-Field Suppression for Lattice Gauge Theories: From Balaban's Renormalization Group to Conditional Concentration — a Conditional and Windowed Verification,Lluis Eriksson,Mathematical Physics,replaced,2026-07-06 21:03:37,2,https://ai.vixra.org/abs/2602.0056,https://ai.vixra.org/pdf/2602.0056v2.pdf,2602.0056v2.pdf,17aa1773c27cd0be4c452b43e2de7d91050e63842af5fec7cfd01ae74d359207,328405,9,no,27,BFXFFO+CMTT10; BHRKMZ+CMR8; BJBQRD+EUFM10; EHEDNB+CMMI8; EZGSLJ+CMEX10; F44; F67; F72; F85; GSQYVT+CMR6; IIVQHV+CMR5; JBHYSR+CMSY8; KNQKID+CMR7; LGLXGA+CMSY10; LVHZYG+MSBM10; MRYIVN+CMBX12; NOHSXM+CMR10; NXEZGT+CMBX10; OCQFCE+CMEX8; PJCEBU+CMSY7; QADLOI+CMR9; SKGHGJ+CMR17; SQNWAE+CMMI6; SRYOFO+CMTI10; TFZGAM+CMMI10; UCKJCB+CMR12; XNSBZZ+CMMI7,"[{""version"": ""v1"", ""datetime"": ""2026-02-12 19:07:45"", ""pdf_url"": ""https://ai.vixra.org/pdf/2602.0056v1.pdf""}, {""version"": ""v2"", ""datetime"": ""2026-07-06 21:03:37"", ""pdf_url"": ""https://ai.vixra.org/pdf/2602.0056v2.pdf""}]"
51,2602.0055,PUBLICADO,Residual Derivative Bounds and Windowed Uniform Log-Sobolev Inequality for SU(Nc) Lattice Yang-Mills at Weak Coupling,Lluis Eriksson,Mathematical Physics,replaced,2026-07-06 20:00:57,2,https://ai.vixra.org/abs/2602.0055,https://ai.vixra.org/pdf/2602.0055v2.pdf,2602.0055v2.pdf,44f350a4c9a0f4c247e4a47cd03583a1640524f20e925a5a5929c500b86311e1,396324,15,no,27,BFXFFO+CMTT10; CRYVDJ+CMR17; ETBVDK+CMSY7; F44; F67; F85; GMDMOB+CMR6; HPKSZE+CMR9; IAANIK+CMMI8; IEVOGC+CMMI10; ITMPFA+CMMI6; KIDSNN+CMEX10; LIKHLJ+CMMI7; MEUAJZ+MSBM10; MNJIZY+CMBX10; NODWXQ+CMR8; NUXNSS+CMSY8; NXNPIW+CMR7; OHAGGM+CMSY10; QIPYIM+MSAM10; TFUTLH+CMMI9; TTHNKW+CMTI10; TUSRJK+CMR5; VPETHF+CMBX12; WZULFI+CMR12; YWHZOU+CMR10; ZFLKLZ+CMMI12,"[{""version"": ""v1"", ""datetime"": ""2026-02-12 19:09:28"", ""pdf_url"": ""https://ai.vixra.org/pdf/2602.0055v1.pdf""}, {""version"": ""v2"", ""datetime"": ""2026-07-06 20:00:57"", ""pdf_url"": ""https://ai.vixra.org/pdf/2602.0055v2.pdf""}]"
50,2602.0054,PUBLICADO,From Uniform Log-Sobolev Inequality to Mass Gap for Lattice Yang—Mills at Weak Coupling: a Conditional and Windowed Assembly,Lluis Eriksson,Mathematical Physics,replaced,2026-07-06 11:08:38,2,https://ai.vixra.org/abs/2602.0054,https://ai.vixra.org/pdf/2602.0054v2.pdf,2602.0054v2.pdf,359cb2d1bd2a934e305d205ab7a86bc7a48b270f70e8593bbbd3892e97afb7e1,429551,17,no,29,BGYSFD+CMSY6; CHRXMB+CMR10; DOHJEP+CMSY10; F60; F73; F87; FCXDDR+CMBXTI10; GMPAIK+CMR5; HELZQQ+CMR6; HYYYTB+CMSY8; JHTQFS+CMMI7; JNOPBA+CMR12; JUFGFX+CMR8; KRPDMG+CMBX10; LHRWMZ+CMMI12; LNYGZV+CMBX12; MAWGVB+CMEX10; MEUAJZ+MSBM10; NORPQV+CMTI10; NUUEMO+CMMI6; PIEJNO+CMMI10; PQKSVV+CMTT10; TSAPJD+CMMI8; UOUFKP+MSAM10; VERFNL+CMBX8; VYJEZP+CMR17; XSBMHM+CMR7; YOVVJM+EUFM10; ZQLTBN+CMSY7,"[{""version"": ""v1"", ""datetime"": ""2026-02-12 19:10:34"", ""pdf_url"": ""https://ai.vixra.org/pdf/2602.0054v1.pdf""}, {""version"": ""v2"", ""datetime"": ""2026-07-06 11:08:38"", ""pdf_url"": ""https://ai.vixra.org/pdf/2602.0054v2.pdf""}]"
49,2602.0053,PUBLICADO,DLR-Uniform Log-Sobolev Inequality and Mass Gap for Lattice Yang—Mills at Weak Coupling: a Conditional and Windowed Reduction,Lluis Eriksson,Mathematical Physics,replaced,2026-07-06 10:47:13,2,https://ai.vixra.org/abs/2602.0053,https://ai.vixra.org/pdf/2602.0053v2.pdf,2602.0053v2.pdf,948096d3c38dba660a5bfc5335257dede9eafd1a46f78100a8d35cf9faffdfdc,434962,18,no,28,BJBQRD+EUFM10; EDULGF+CMR17; F74; F84; FKDLVN+CMEX10; FLJUJZ+CMTT10; HCPCCP+CMR6; HMICJD+CMBX12; IPVWTQ+MSAM10; LUYYYY+CMSY7; MEXGDY+CMMI7; MNLGFQ+CMR12; MRDEWV+CMSY10; NMDRKW+CMSY8; NNJAQQ+CMR8; OWHPOE+CMMI6; QUWEIR+CMMI10; RGMGDG+CMR5; UDDQTC+CMBXTI10; URIEQU+CMMI5; UUDFWW+CMSY6; VERFNL+CMBX8; VIVGRJ+CMTI10; VZDPAD+MSBM10; WWPMII+CMR7; XQFAQF+CMR10; XUYOSW+CMBX10; XZOOKE+CMMI8,"[{""version"": ""v1"", ""datetime"": ""2026-02-12 19:11:43"", ""pdf_url"": ""https://ai.vixra.org/pdf/2602.0053v1.pdf""}, {""version"": ""v2"", ""datetime"": ""2026-07-06 10:47:13"", ""pdf_url"": ""https://ai.vixra.org/pdf/2602.0053v2.pdf""}]"
48,2602.0052,PUBLICADO,Geodesic Convexity and Structural Limits of Curvature Methods for the Yang-Mills Mass Gap on the Lattice,Lluis Eriksson,Quantum Physics,replaced,2026-07-06 10:23:35,2,https://ai.vixra.org/abs/2602.0052,https://ai.vixra.org/pdf/2602.0052v2.pdf,2602.0052v2.pdf,1975125d5ebd61c1faf52d31262ebc3c8abea5bf17b48929991c7993ccc51108,379262,10,no,25,ADEJVQ+CMSY9; DYMDKF+CMSY10; GFNYIY+CMMI8; GHKNES+CMCSC10; IGEMLQ+CMMI10; IKNIZZ+CMTI10; JVQUOH+MSBM10; KXAXPU+CMR5; LXPJPO+CMSY8; MFIATB+EUFM10; MFMVPH+CMBX10; QASKVO+CMMI6; QNXLBN+CMR8; QVPPOP+CMR6; SMSBUV+CMBXTI10; TMHVPV+MSAM10; TMQUPP+CMEX10; UXNXFM+CMTI9; VAGBJG+CMR9; VGGTPQ+CMR10; WBJNGK+CMTT10; WJZGGP+CMMI9; WPTYPR+CMTT9; YHUWGX+CMBX9; ZHJZJA+CMSY6,"[{""version"": ""v1"", ""datetime"": ""2026-02-12 19:21:09"", ""pdf_url"": ""https://ai.vixra.org/pdf/2602.0052v1.pdf""}, {""version"": ""v2"", ""datetime"": ""2026-07-06 10:23:35"", ""pdf_url"": ""https://ai.vixra.org/pdf/2602.0052v2.pdf""}]"
47,2602.0051,PUBLICADO,"Uniform Coercivity, Pointwise Large-Field Suppression, and Conditional Closure of the Lattice Yang-Mills Mass Gap at Weak Coupling in d = 4",Lluis Eriksson,Mathematical Physics,replaced,2026-07-06 09:42:09,2,https://ai.vixra.org/abs/2602.0051,https://ai.vixra.org/pdf/2602.0051v2.pdf,2602.0051v2.pdf,110d7c672a9da19afcc562d47caedd589bd8f1ad89a4f1fbe440963dbda7a04d,333317,9,no,27,AICAWW+MSBM10; APEVYK+CMMI7; BJBQRD+EUFM10; COVPYN+CMR7; EOQZZR+CMTT12; F64; F74; F79; FRDPAU+CMMI10; FZUKHY+CMMI6; GBBEDM+CMSY6; JIBJTZ+CMMI8; KONQEC+CMEX10; KPWLBX+CMSY7; KQLZST+CMTI10; LHRWMZ+CMMI12; OAIRXN+CMR6; QFLEOE+CMBX12; QOPEQV+CMSY8; RHITCN+CMR17; RJXJWP+CMTT10; RLWJBF+CMR12; THGOAZ+CMR5; UMFYJJ+CMBX10; UOBEIA+CMR10; WNKAPX+CMSY10; XYDQNT+CMR8,"[{""version"": ""v1"", ""datetime"": ""2026-02-12 19:22:19"", ""pdf_url"": ""https://ai.vixra.org/pdf/2602.0051v1.pdf""}, {""version"": ""v2"", ""datetime"": ""2026-07-06 09:42:09"", ""pdf_url"": ""https://ai.vixra.org/pdf/2602.0051v2.pdf""}]"
46,2602.0046,PUBLICADO,Ricci Curvature of the Orbit Space of Lattice Gauge Theory and Single-Scale Log-Sobolev Inequalities,Lluis Eriksson,Mathematical Physics,replaced,2026-07-06 09:13:33,3,https://ai.vixra.org/abs/2602.0046,https://ai.vixra.org/pdf/2602.0046v3.pdf,2602.0046v3.pdf,3d98e09edc4ef54efb92a89100e3a3fb2ad0f306021ac84d70de8b55bed9315f,301920,8,no,25,BEIOEK+CMMI10; DTJICG+CMMI7; EBRWPM+CMR7; EGRVSP+CMSY10; ELNYLL+CMBX10; EOQZZR+CMTT12; EQTDYH+CMR8; F59; F73; FAZVMG+CMSY7; HBIEHQ+CMSY6; JRJLKF+CMMI8; MAWPNG+CMR17; POWUVC+CMR5; QGKGSW+CMTI10; SBAFUF+CMR10; UBAZYU+CMMI6; UJEEXE+CMSY8; UQNGNR+CMEX10; XUURUR+MSBM10; YHTWAJ+CMR6; YUYZEH+CMBX12; YWXGSQ+CMR12; ZAWXVP+EUFM10; ZSUIBP+CMTT10,"[{""version"": ""v1"", ""datetime"": ""2026-02-10 18:37:34"", ""pdf_url"": ""https://ai.vixra.org/pdf/2602.0046v1.pdf""}, {""version"": ""v2"", ""datetime"": ""2026-02-12 19:04:00"", ""pdf_url"": ""https://ai.vixra.org/pdf/2602.0046v2.pdf""}, {""version"": ""v3"", ""datetime"": ""2026-07-06 09:13:33"", ""pdf_url"": ""https://ai.vixra.org/pdf/2602.0046v3.pdf""}]"
45,2602.0041,PUBLICADO,Uniform Log-Sobolev Inequality and Mass Gap for Lattice Yang-Mills Theory,Lluis Eriksson,Mathematical Physics,replaced,2026-07-06 08:50:32,3,https://ai.vixra.org/abs/2602.0041,https://ai.vixra.org/pdf/2602.0041v3.pdf,2602.0041v3.pdf,f67dea05d521ce5ea59caf79edca8038f0eb850b5c2256282394ca665c01afbb,380899,11,no,28,AAKDVT+CMBX12; AGCWOD+CMR10; AOUZUV+CMMI8; AQRCOE+CMSY10; EIDEJB+CMR6; ELNEGG+CMR17; EOQZZR+CMTT12; EYFMXB+CMR5; F59; F72; F73; FTEPES+CMMI6; IGJFML+CMMI12; KSOVAV+CMTT10; MBADKU+MSBM10; MDUNXF+CMR7; NQLEEW+CMSY6; OVOXLM+CMTI10; QPFLKC+CMBXTI10; QVAATR+CMMI7; SDVCAT+CMSY7; TBBGEV+CMMI10; TJOKRY+CMBX10; UEOYUJ+CMSY8; UFDGAY+MSAM10; WYHBUR+CMR8; YMWGIK+CMEX10; YWXGSQ+CMR12,"[{""version"": ""v1"", ""datetime"": ""2026-02-09 20:45:44"", ""pdf_url"": ""https://ai.vixra.org/pdf/2602.0041v1.pdf""}, {""version"": ""v2"", ""datetime"": ""2026-02-12 19:02:28"", ""pdf_url"": ""https://ai.vixra.org/pdf/2602.0041v2.pdf""}, {""version"": ""v3"", ""datetime"": ""2026-07-06 08:50:32"", ""pdf_url"": ""https://ai.vixra.org/pdf/2602.0041v3.pdf""}]"
44,2602.0040,PUBLICADO,Uniform Poincare Inequality for Lattice Yang-Mills Theory Via Multiscale Martingale Decomposition,Lluis Eriksson,Mathematical Physics,replaced,2026-07-06 08:25:35,2,https://ai.vixra.org/abs/2602.0040,https://ai.vixra.org/pdf/2602.0040v2.pdf,2602.0040v2.pdf,6ddc16224826633cdbd0930be85d6ab1c3731d902aa214245172ab229ec545e9,333955,7,no,23,ACSXXZ+CMMI10; CTZQSK+CMR8; EFXHAA+CMMI8; F61; GAUWUS+CMTI9; GGQJPX+CMR9; GMYQFO+CMR6; GNLCRO+CMSY8; HAKQHF+CMCSC10; JIJABI+CMTI10; JOQSEO+CMR10; MBADKU+MSBM10; OZYKBR+CMEX10; PDUTQR+CMSY10; POWPPV+CMBX9; QQDRGT+CMSY6; TMHVPV+MSAM10; VKAEEW+CMMI9; VYVXUU+CMMI6; WPTYPR+CMTT9; XEAZRM+CMBX10; XUWGYB+CMSY9; ZSUIBP+CMTT10,"[{""version"": ""v1"", ""datetime"": ""2026-02-08 19:36:55"", ""pdf_url"": ""https://ai.vixra.org/pdf/2602.0040v1.pdf""}, {""version"": ""v2"", ""datetime"": ""2026-07-06 08:25:35"", ""pdf_url"": ""https://ai.vixra.org/pdf/2602.0040v2.pdf""}]"
43,2602.0038,PUBLICADO,Mass Gap for the Gribov-Zwanziger Lattice Measure: A Non-Perturbative Proof,Lluis Eriksson,Quantum Physics,replaced,2026-07-06 08:05:29,2,https://ai.vixra.org/abs/2602.0038,https://ai.vixra.org/pdf/2602.0038v2.pdf,2602.0038v2.pdf,306d2336ad3c415fce994ba20ee0488ba20739ed5002877fc7a79745c530da16,329374,10,no,24,BJBQRD+EUFM10; CHALPW+CMR7; DXFDXD+CMEX10; EOQZZR+CMTT12; FJOKQJ+CMR17; GBBEDM+CMSY6; GZRJWF+CMTT10; HMTSLT+CMTI10; HQKAAQ+CMMI10; HYTGLZ+CMBX12; JVQUOH+MSBM10; LVEXGP+CMBX10; LXMCMR+CMR10; MRCZSN+CMCSC10; NEWABB+CMR6; NPCGEL+CMSY8; OXRHGO+CMMI6; PXBGHL+CMSY7; QPRSVM+CMR8; RLWJBF+CMR12; SXGEXF+CMSY10; WKTZSO+CMMI5; YKJKWC+CMMI7; YNYBBQ+CMMI8,"[{""version"": ""v1"", ""datetime"": ""2026-02-08 11:01:58"", ""pdf_url"": ""https://ai.vixra.org/pdf/2602.0038v1.pdf""}, {""version"": ""v2"", ""datetime"": ""2026-07-06 08:05:29"", ""pdf_url"": ""https://ai.vixra.org/pdf/2602.0038v2.pdf""}]"
42,2602.0036,PUBLICADO,Geodesic Convexity and Structural Limits of Curvature Methods for the Yang-Mills Mass Gap on the Lattice,Lluis Eriksson,Quantum Physics,replaced,2026-07-06 07:39:53,2,https://ai.vixra.org/abs/2602.0036,https://ai.vixra.org/pdf/2602.0036v2.pdf,2602.0036v2.pdf,4f7aa102a0fd383731051eb1d29599e85fe6a2a766c5e39a3845cc730c745363,385574,11,no,24,ADVCOC+CMCSC10; AICAWW+MSBM10; BCUSPN+CMTI8; BJBQRD+EUFM10; BNUEWG+CMSY9; CGSEQR+CMTI10; ETVYWQ+CMTT10; FDJYIJ+CMTI9; GPGXGR+CMSY8; HRFNON+CMEX10; IFWCYL+CMR10; OUEZOS+CMMI8; PQJALC+CMR8; QAPHKU+CMBX10; QFWBOL+CMSY6; RGGYGJ+CMSY10; RUSXXW+CMMI6; TMHVPV+MSAM10; UXVWEV+CMR9; VHZRDT+CMMI9; WAEIYE+CMR6; WPTYPR+CMTT9; XZGUDF+CMMI10; YHUWGX+CMBX9,"[{""version"": ""v1"", ""datetime"": ""2026-02-08 13:06:34"", ""pdf_url"": ""https://ai.vixra.org/pdf/2602.0036v1.pdf""}, {""version"": ""v2"", ""datetime"": ""2026-07-06 07:39:53"", ""pdf_url"": ""https://ai.vixra.org/pdf/2602.0036v2.pdf""}]"
41,2602.0035,PUBLICADO,Morse—Bott Spectral Reduction and the Yang—Mills Mass Gap on the Lattice,Lluis Eriksson,Quantum Physics,submitted,2026-02-08 14:26:38,1,https://ai.vixra.org/abs/2602.0035,https://ai.vixra.org/pdf/2602.0035v1.pdf,2602.0035v1.pdf,b7616a58a9e08e9cc54e7a1d9ef8fb8451fcb166318cdd771339cd02c2de4db3,480799,11,no,31,CDIBZF+CMMI10; DOYURA+SFRM0900; EGNGUN+SFCC1000; GUOWTK+CMSY6; GVAEBY+CMMI12; HZMQZX+CMMI6; JAKOGO+SFTT1095; JUSMPP+CMR6; KBXVKM+CMR10; LQBEDK+CMMI8; LRRTUT+SFRM1000; MFIATB+EUFM10; NIMTCI+SFTI1200; NWMXLS+CMSY8; OREWXD+CMEX10; PVQWSR+CMR7; PXBGHL+CMSY7; THGOAZ+CMR5; TMHVPV+MSAM10; TRAHKX+CMSY10; TXUTVQ+SFRM1095; UNXANZ+SFBX1200; VISOXO+CMR8; VVHGRW+MSBM10; WHUQQV+SFRM0800; WUKOXB+SFBX1000; XFHISM+CMMI7; YFWFAM+CMR12; YPVGGI+SFRM1200; ZCZZPV+SFCC1200; ZNKATT+SFTI1000,"[{""version"": ""v1"", ""datetime"": ""2026-02-08 14:26:38"", ""pdf_url"": ""https://ai.vixra.org/pdf/2602.0035v1.pdf""}]"
40,2602.0033,PUBLICADO,The Yang-Mills Mass Gap on the Lattice: A Conditional Synthesis,Lluis Eriksson,Mathematical Physics,replaced,2026-07-06 06:19:19,2,https://ai.vixra.org/abs/2602.0033,https://ai.vixra.org/pdf/2602.0033v2.pdf,2602.0033v2.pdf,91a7d95e1decc1771c548533748916d9941a77f02937fddf90fb13e348730bfe,358598,8,no,24,AICAWW+MSBM10; CUUNJW+CMMI5; DMSXEN+CMCSC10; ERFALN+CMEX10; EUWXPI+CMBX9; FJQYNS+CMMI9; FQHQBN+CMSY9; FZPPIY+CMR6; GHFSIM+CMR10; HSBROR+CMTI10; MHGOXU+CMMI10; NQLEEW+CMSY6; NTOGNK+CMTI9; PZXEAX+CMSY10; RFGCXH+CMR8; RLTEXN+MSAM10; SFWJCO+CMMI6; THGOAZ+CMR5; TJOBWX+CMTT10; UDWGKV+CMR9; VZLIJW+CMBX10; WPTYPR+CMTT9; WVDNFX+CMSY8; XEHZDL+CMMI8,"[{""version"": ""v1"", ""datetime"": ""2026-02-08 15:01:30"", ""pdf_url"": ""https://ai.vixra.org/pdf/2602.0033v1.pdf""}, {""version"": ""v2"", ""datetime"": ""2026-07-06 06:19:19"", ""pdf_url"": ""https://ai.vixra.org/pdf/2602.0033v2.pdf""}]"
39,2602.0032,PUBLICADO,The Yang-Mills Mass Gap on the Lattice: A Conditional Reduction via Witten Laplacian and Constructive Renormalization,Lluis Eriksson,Mathematical Physics,replaced,2026-07-06 05:54:46,2,https://ai.vixra.org/abs/2602.0032,https://ai.vixra.org/pdf/2602.0032v2.pdf,2602.0032v2.pdf,81e84ea27474bfa519ebde9af24ed40419b6a6ec57673256ab9ab20f4c5209a4,435318,14,no,27,CCENEU+CMMI8; CJUCDN+CMMI10; CUUNJW+CMMI5; DGDFYJ+CMBX10; DMHFUU+CMR8; DWIWAI+CMEX10; EAPSEH+CMSY8; ELBNXC+CMSY9; GLRBJV+MSAM10; KEPOJH+MSBM10; MFIATB+EUFM10; NCZGTA+CMMI9; QGYZAP+CMEX8; QVRLRD+CMTI10; RJRZGY+CMBX9; RLTEFU+CMR10; SZZVJO+CMSY6; THGOAZ+CMR5; TJOBWX+CMTT10; TURGYA+CMSY10; USZBQY+CMR6; VIVVSA+CMCSC10; VIXXWL+CMMI6; WPTYPR+CMTT9; WRDZBD+CMTI8; YHXDFZ+CMTI9; YTHXRJ+CMR9,"[{""version"": ""v1"", ""datetime"": ""2026-02-08 19:11:44"", ""pdf_url"": ""https://ai.vixra.org/pdf/2602.0032v1.pdf""}, {""version"": ""v2"", ""datetime"": ""2026-07-06 05:54:46"", ""pdf_url"": ""https://ai.vixra.org/pdf/2602.0032v2.pdf""}]"
38,2602.0021,PUBLICADO,"Yang-Mills Existence and Mass Gap: A Framework via Anomaly Algebra, Gradient-Flow Spectral Methods, and Quantum Information",Lluis Eriksson,Mathematical Physics,replaced,2026-07-05 23:07:10,2,https://ai.vixra.org/abs/2602.0021,https://ai.vixra.org/pdf/2602.0021v2.pdf,2602.0021v2.pdf,19ea135c085b5afa9f74ee898dac7ecc6fa6af975a553ac342b1ceecd4a54ec4,427982,13,no,31,ASVVOX+CMMI10; BBGXEX+CMSY10; CRPSRL+CMEX8; F30; F31; F32; F51; F52; F53; F54; F64; F65; F71; F72; F85; GQMFIQ+CMR6; JKSUUE+CMSY6; LDALGN+MSBM10; LHRWMZ+CMMI12; LPGSEW+CMSY8; NVHSGD+CMR10; PARLTU+CMEX10; PEWILL+CMR7; PMXIKK+CMMI7; PXBGHL+CMSY7; TFFZVZ+CMMI8; UAGOMC+CMBX10; UFDGAY+MSAM10; UVNDNU+CMR8; VPXKNP+CMMI6; XZOYEV+CMR12,"[{""version"": ""v1"", ""datetime"": ""2026-02-07 16:49:07"", ""pdf_url"": ""https://ai.vixra.org/pdf/2602.0021v1.pdf""}, {""version"": ""v2"", ""datetime"": ""2026-07-05 23:07:10"", ""pdf_url"": ""https://ai.vixra.org/pdf/2602.0021v2.pdf""}]"
37,2602.0020,PUBLICADO,Gradient Flow Monotonicity and the Yang-Mills Mass Gap: A Conditional Reduction via Spectral Methods,Lluis Eriksson,Quantum Physics,replaced,2026-07-05 22:38:06,2,https://ai.vixra.org/abs/2602.0020,https://ai.vixra.org/pdf/2602.0020v2.pdf,2602.0020v2.pdf,f32229a6096148e70b31db77a4584aa0bbc6ff5266d0cbd8baa61332110b3233,390482,12,no,29,AHAGGJ+CMMI6; APQOUF+CMMI12; BXXGYR+CMR12; DMIZIG+CMSY10; DUZTGD+CMMI10; EBKZZK+CMR10; F30; F31; F32; F51; F52; F53; F62; F64; F70; F71; F72; F73; GUOWTK+CMSY6; IVSBSD+CMR8; JVQUOH+MSBM10; MNMVKU+CMR7; NSJEOL+CMSY7; QVYMZK+CMSY8; RNZPUV+CMMI7; TONINC+MSAM10; WGCLPM+CMR6; YGLLKM+CMEX10; ZMZVBH+CMMI8,"[{""version"": ""v1"", ""datetime"": ""2026-02-07 16:50:59"", ""pdf_url"": ""https://ai.vixra.org/pdf/2602.0020v1.pdf""}, {""version"": ""v2"", ""datetime"": ""2026-07-05 22:38:06"", ""pdf_url"": ""https://ai.vixra.org/pdf/2602.0020v2.pdf""}]"
36,2601.0115,PUBLICADO,Algebraic Entropy and Conditional Mutual Information in a Tiny Gauge-Invariant Truncated Hilbert Space: A Reproducible Toy-Model Study with Effective Mixing Hamiltonians,Lluis Eriksson,Quantum Physics,replaced,2026-07-05 22:07:41,2,https://ai.vixra.org/abs/2601.0115,https://ai.vixra.org/pdf/2601.0115v2.pdf,2601.0115v2.pdf,e845b2d9906714b04d525b82ed1c3c53d38238c3377ecb23417a69391a0e1382,433386,9,no,28,ASZYGD+MSBM10; BOHDXC+CMR10; F30; F31; F32; F51; F52; F53; F62; F64; F65; F71; F72; F73; F74; FTXBGD+CMR8; GBXNKP+CMMI8; GNDLMK+CMSY8; HPRHOD+CMMI6; HWDTYS+CMR7; ITCOMD+CMSY10; ITYBGQ+CMEX10; PJZRLC+CMR6; PXBGHL+CMSY7; QUBAUG+CMMI10; RJHULQ+CMR12; UAGOMC+CMBX10; ZOOTEZ+CMMI12,"[{""version"": ""v1"", ""datetime"": ""2026-01-28 08:43:53"", ""pdf_url"": ""https://ai.vixra.org/pdf/2601.0115v1.pdf""}, {""version"": ""v2"", ""datetime"": ""2026-07-05 22:07:41"", ""pdf_url"": ""https://ai.vixra.org/pdf/2601.0115v2.pdf""}]"
35,2601.0111,PUBLICADO,Conditional Mutual Information and Petz Recovery in a Z2 Lattice Gauge Ground State,Lluis Eriksson,Quantum Physics,replaced,2026-07-05 21:44:34,2,https://ai.vixra.org/abs/2601.0111,https://ai.vixra.org/pdf/2601.0111v2.pdf,2601.0111v2.pdf,3811ec104d7c37e0cdc9484e0ddbe935e9a6a48edd66c605ee3082fbc9eb6288,382792,6,no,30,AICAWW+MSBM10; DBXLOH+CMEX10; DIHPKT+CMMI8; DTLABT+CMR7; F30; F31; F46; F59; F60; F61; F68; F70; F78; F79; F80; F87; F88; F89; F90; IEIWAT+CMSY8; LDXABN+CMSY7; LXTOFD+CMMI10; NSKAIL+CMMI12; NTGWPS+CMMI6; RKFAKX+CMR8; SNPWQM+CMMI7; TMHVPV+MSAM10; UOVZMB+CMR12; VGPNVY+CMSY10; WICQHF+CMR10,"[{""version"": ""v1"", ""datetime"": ""2026-01-27 17:45:18"", ""pdf_url"": ""https://ai.vixra.org/pdf/2601.0111v1.pdf""}, {""version"": ""v2"", ""datetime"": ""2026-07-05 21:44:34"", ""pdf_url"": ""https://ai.vixra.org/pdf/2601.0111v2.pdf""}]"
34,2601.0099,PUBLICADO,Program A: Semi-Infinite Conditional Mutual Information in the 1D TFIM (iMPS),Lluis Eriksson,Quantum Physics,replaced,2026-07-05 21:05:26,2,https://ai.vixra.org/abs/2601.0099,https://ai.vixra.org/pdf/2601.0099v2.pdf,2601.0099v2.pdf,3eea0d998b2fd48bc98e37d2a074334da38aa69e3eee1e5d42fdcf6cbb9b2cfc,353925,6,no,21,DXAABA+CMMI8; F30; F31; F32; F51; F52; F53; F62; F64; F65; F71; F72; F73; HZGBVS+CMEX10; JUNRIT+CMR7; LHMWGP+CMSY10; MTRXIA+CMR8; NPRETT+CMR10; OQOPGI+CMMI10; PXBGHL+CMSY7; TMCDBM+CMSY8,"[{""version"": ""v1"", ""datetime"": ""2026-01-24 17:02:20"", ""pdf_url"": ""https://ai.vixra.org/pdf/2601.0099v1.pdf""}, {""version"": ""v2"", ""datetime"": ""2026-07-05 21:05:26"", ""pdf_url"": ""https://ai.vixra.org/pdf/2601.0099v2.pdf""}]"
33,2601.0066,PUBLICADO,Typed Pipeline for Recoverability-Rate-Power Links: A Contract Paper with a Closed Recoverability Lane and Falsification Criteria,Lluis Eriksson,Quantum Physics,replaced,2026-07-05 20:13:04,2,https://ai.vixra.org/abs/2601.0066,https://ai.vixra.org/pdf/2601.0066v2.pdf,2601.0066v2.pdf,ded20a40e5090439d85d2cbf07af4c0c16d89a2d48e96b59360319a0deff747e,318994,7,no,27,AGGOGH+CMSY7; BRVFEX+CMR7; F30; F31; F32; F51; F52; F53; F63; F64; F65; F66; F92; F93; FPKOCY+CMEX10; HOANLA+CMR10; HZZDUT+CMMI12; JEAIHN+CMMI8; LZHCMZ+CMMI6; RYCSRK+CMSY10; TMVMPW+CMR8; UAGOMC+CMBX10; UNSODZ+CMMI7; UVXKRE+CMSS8; VARFEL+CMSS10; WIFDLP+CMMI10; WYJMQO+CMSY8,"[{""version"": ""v1"", ""datetime"": ""2026-01-17 18:30:12"", ""pdf_url"": ""https://ai.vixra.org/pdf/2601.0066v1.pdf""}, {""version"": ""v2"", ""datetime"": ""2026-07-05 20:13:04"", ""pdf_url"": ""https://ai.vixra.org/pdf/2601.0066v2.pdf""}]"
32,2601.0065,PUBLICADO,"Split-Regularized Recoverability in Type III AQFT: Conditional Expectations, Split-Dependent CMI, and an Audit-Friendly Recoverability Contract",Lluis Eriksson,Quantum Physics,replaced,2026-07-05 19:47:43,2,https://ai.vixra.org/abs/2601.0065,https://ai.vixra.org/pdf/2601.0065v2.pdf,2601.0065v2.pdf,8eaf5dcd2084bc89ac167b6d6be1b84f45d323fad7b5e31f14b4d0dd9cb04768,318169,8,no,28,BTOIXI+CMMI6; CESWVJ+CMR6; CIYWNO+CMMI7; DILDMD+CMR8; F30; F31; F32; F51; F52; F61; F63; F64; F65; F66; F72; F73; F77; FPDCCY+CMSY10; GNUYNF+CMMI10; JZKWJD+CMMI8; QCVHIM+CMR5; QVFTVV+CMR7; SBFEIC+CMMI12; SDVCAT+CMSY7; TGSVGC+CMR10; UAGOMC+CMBX10; VGLHLF+CMEX10; VPLWUJ+CMSY8,"[{""version"": ""v1"", ""datetime"": ""2026-01-17 18:43:55"", ""pdf_url"": ""https://ai.vixra.org/pdf/2601.0065v1.pdf""}, {""version"": ""v2"", ""datetime"": ""2026-07-05 19:47:43"", ""pdf_url"": ""https://ai.vixra.org/pdf/2601.0065v2.pdf""}]"
31,2601.0064,PUBLICADO,"RIP-U and the ω = 0 Obstruction in Davies Dynamics: Upper Envelopes, Witness Floors, and Falsification Protocols for Separation-Dependent Decoherence Rates",Lluis Eriksson,Quantum Physics,replaced,2026-07-05 19:25:29,2,https://ai.vixra.org/abs/2601.0064,https://ai.vixra.org/pdf/2601.0064v2.pdf,2601.0064v2.pdf,45fe63280b6079729eebe7b5ddf6bc7eda2679c42fefc9331deb8718a89e1cb5,343124,7,no,31,ALUWIE+CMMI8; DWVBAL+CMMI7; ERIUUW+CMSY7; F30; F31; F46; F59; F60; F67; F69; F70; F71; F77; F78; F79; F94; FPXINQ+CMMI12; JCMWLX+CMR7; JKSUUE+CMSY6; JOZDJQ+CMMI10; JTYLMY+CMR12; MMWLKQ+CMR8; ORRRYO+CMSY10; QDTWCG+MSBM10; QQUVXI+CMR10; RAVREE+CMMI6; RHEUQE+CMR6; RVWQMQ+CMR17; TWEQSV+CMSY8; UAGOMC+CMBX10; WEKKJP+CMEX10,"[{""version"": ""v1"", ""datetime"": ""2026-01-17 19:05:55"", ""pdf_url"": ""https://ai.vixra.org/pdf/2601.0064v1.pdf""}, {""version"": ""v2"", ""datetime"": ""2026-07-05 19:25:29"", ""pdf_url"": ""https://ai.vixra.org/pdf/2601.0064v2.pdf""}]"
30,2601.0051,PUBLICADO,Petz Recoverability Versus Wilson-Loop Diagnostics in 2+1D Z2 Lattice Gauge Theory: Benchmarks by Exact Diagonalization and Tensor-Network Ladders,Lluis Eriksson,Quantum Physics,replaced,2026-07-05 18:33:10,2,https://ai.vixra.org/abs/2601.0051,https://ai.vixra.org/pdf/2601.0051v2.pdf,2601.0051v2.pdf,f10520e4d78d1ea5c12e6b6893aa692981c1f05dd93911f18b64e01444d94186,1042431,4,no,23,AICAWW+MSBM10; F30; F31; F46; F59; F60; F61; F68; F70; F76; F77; F78; ITIZEY+CMEX10; PXBGHL+CMSY7; QODFSN+CMMI8; QTCKXR+CMR12; TMCDBM+CMSY8; VCXQAR+CMR7; VGIPTT+CMMI7; VLPCST+CMMI10; WPNRHI+CMR10; XNGPKM+CMR8; YRMBPJ+CMSY10,"[{""version"": ""v1"", ""datetime"": ""2026-01-14 20:03:27"", ""pdf_url"": ""https://ai.vixra.org/pdf/2601.0051v1.pdf""}, {""version"": ""v2"", ""datetime"": ""2026-07-05 18:33:10"", ""pdf_url"": ""https://ai.vixra.org/pdf/2601.0051v2.pdf""}]"
29,2601.0050,PUBLICADO,Cmi-Based Recoverability Versus Wilson-Loop Diagnostics in Z2 Lattice Gauge Theory (2+1D): Exact Diagonalization Benchmark on Small Open Lattices,Lluis Eriksson,Quantum Physics,replaced,2026-07-05 18:08:54,2,https://ai.vixra.org/abs/2601.0050,https://ai.vixra.org/pdf/2601.0050v2.pdf,2601.0050v2.pdf,aa5673e79cd8263bbc03fce13aee9b2f3ae6c41aeaead53ac7637803bd761c8e,396367,4,no,23,AEHOMM+CMMI6; AICAWW+MSBM10; AVIAQO+CMSY10; BABVOD+CMMI7; F30; F31; F46; F59; F60; F61; F68; F70; F76; F77; F78; FLVPHN+CMMI10; MBQCLT+CMR10; PNOJMA+CMR8; PXBGHL+CMSY7; QTCKXR+CMR12; TMCDBM+CMSY8; UFRPJA+CMR7; VESWGI+CMMI8,"[{""version"": ""v1"", ""datetime"": ""2026-01-14 20:46:34"", ""pdf_url"": ""https://ai.vixra.org/pdf/2601.0050v1.pdf""}, {""version"": ""v2"", ""datetime"": ""2026-07-05 18:08:54"", ""pdf_url"": ""https://ai.vixra.org/pdf/2601.0050v2.pdf""}]"
28,2601.0047,PUBLICADO,Petz Recoverability Versus Wilson-Loop Diagnostics in Z2 Lattice Gauge Theory (2+1D): Exact Diagonalization Benchmark on Small Open Lattices,Lluis Eriksson,Quantum Physics,replaced,2026-07-05 17:45:47,2,https://ai.vixra.org/abs/2601.0047,https://ai.vixra.org/pdf/2601.0047v2.pdf,2601.0047v2.pdf,b2682f9620ca25db3a6cc271a9e9fa52dda30419170fca0e9646d5771de76369,460699,5,no,23,AGHZOR+CMMI8; AICAWW+MSBM10; F30; F31; F46; F59; F60; F61; F68; F70; F76; F77; F78; HEXUBS+CMR10; ITIZEY+CMEX10; PRXJQP+CMSY10; PXBGHL+CMSY7; PXEJWE+CMSY8; QTCKXR+CMR12; RIYZQN+CMMI7; SMPXDN+CMMI10; TNTDER+CMR7; ZGRQQB+CMR8,"[{""version"": ""v1"", ""datetime"": ""2026-01-13 21:46:46"", ""pdf_url"": ""https://ai.vixra.org/pdf/2601.0047v1.pdf""}, {""version"": ""v2"", ""datetime"": ""2026-07-05 17:45:47"", ""pdf_url"": ""https://ai.vixra.org/pdf/2601.0047v2.pdf""}]"
27,2601.0046,PUBLICADO,Petz Recoverability in AQFT via Conditional Expectations: A Framework and a Conditional Exponential Recovery Bound,Lluis Eriksson,Quantum Physics,replaced,2026-07-05 17:09:22,2,https://ai.vixra.org/abs/2601.0046,https://ai.vixra.org/pdf/2601.0046v2.pdf,2601.0046v2.pdf,9ad398242e2a32158dcc4f5213078ee31dace22e1e3e0b4108338ed45d1c9532,272641,5,no,26,AICAWW+MSBM10; ESGKON+CMMI8; F30; F31; F32; F51; F52; F53; F62; F64; F65; F71; F75; GYOTDZ+CMSY10; IPZIQQ+CMMI10; JZCPXO+CMR7; MZSWVF+CMMI6; NKQWAM+CMSY8; PXBGHL+CMSY7; SNUXWU+CMR8; TJXTQI+CMR10; UAGOMC+CMBX10; UOEJDY+CMEX10; WFCQXC+CMMI7; XSWQGX+CMR5; YXKQOV+CMR6,"[{""version"": ""v1"", ""datetime"": ""2026-01-13 05:25:36"", ""pdf_url"": ""https://ai.vixra.org/pdf/2601.0046v1.pdf""}, {""version"": ""v2"", ""datetime"": ""2026-07-05 17:09:22"", ""pdf_url"": ""https://ai.vixra.org/pdf/2601.0046v2.pdf""}]"
26,2601.0044,PUBLICADO,"Recoverability Length Scales and Wilson Loops in Lattice Gauge Theories: Protocol, Definitions, and Conjectural Links to Confinement Diagnostics",Lluis Eriksson,Quantum Physics,replaced,2026-07-05 16:44:35,2,https://ai.vixra.org/abs/2601.0044,https://ai.vixra.org/pdf/2601.0044v2.pdf,2601.0044v2.pdf,eca9afd4f5df2fecc27e96f83476f47c770ccb59be92c53f0207626728ee7c6e,308755,4,no,23,AICAWW+MSBM10; DMNAFB+CMSY8; F30; F31; F32; F51; F52; F53; F62; F64; F73; F74; F75; GCXASS+CMR7; GSFGEQ+CMEX10; MTCVLK+CMR10; NRLIOI+CMMI8; PIHUHG+CMMI10; PXBGHL+CMSY7; RIYZQN+CMMI7; SGAPTS+CMR8; SHXYFT+CMSY10; UAGOMC+CMBX10,"[{""version"": ""v1"", ""datetime"": ""2026-01-13 12:46:11"", ""pdf_url"": ""https://ai.vixra.org/pdf/2601.0044v1.pdf""}, {""version"": ""v2"", ""datetime"": ""2026-07-05 16:44:35"", ""pdf_url"": ""https://ai.vixra.org/pdf/2601.0044v2.pdf""}]"
25,2601.0043,PUBLICADO,"Recoverability Geometry: Distances and Embeddings from Quantum Markov Data — Definitions, Diagnostics, and a Reconstruction Protocol",Lluis Eriksson,Quantum Physics,replaced,2026-07-05 16:21:06,2,https://ai.vixra.org/abs/2601.0043,https://ai.vixra.org/pdf/2601.0043v2.pdf,2601.0043v2.pdf,04b9c5ce59ad3513ef2c3d4ca7810b616dceb265b36a82b2fe807a3ea301c0ec,317167,5,no,23,BNQDNO+CMMI7; F30; F31; F32; F51; F52; F53; F62; F64; F65; F71; F75; F76; HVWVYB+CMMI10; KSARBY+CMR8; LBWBDW+CMEX10; PVIFAE+CMSY10; TMCDBM+CMSY8; UAGOMC+CMBX10; VPXKNP+CMMI6; WVKZAV+CMMI8; YSBEZT+CMR10; ZZPYEL+CMR7,"[{""version"": ""v1"", ""datetime"": ""2026-01-13 12:50:18"", ""pdf_url"": ""https://ai.vixra.org/pdf/2601.0043v1.pdf""}, {""version"": ""v2"", ""datetime"": ""2026-07-05 16:21:06"", ""pdf_url"": ""https://ai.vixra.org/pdf/2601.0043v2.pdf""}]"
24,2601.0042,PUBLICADO,Emergent Information Distance from Petz Recovery: Temperature and Perturbation Dependence in TFIM Exact Diagonalization,Lluis Eriksson,Quantum Physics,replaced,2026-07-05 15:57:50,2,https://ai.vixra.org/abs/2601.0042,https://ai.vixra.org/pdf/2601.0042v2.pdf,2601.0042v2.pdf,d222a2a8997bbd11927273063173e838a32833e6d269dafdb3a074a911ea5af3,606068,5,no,23,ARHDVA+CMR7; F30; F31; F32; F51; F52; F53; F62; F64; F65; F66; F72; JJZHNK+CMR10; JKSUUE+CMSY6; KIVMKN+CMMI6; MDEOVX+CMR8; OIXPKO+CMMI8; PAQZFK+CMEX10; PXBGHL+CMSY7; QFWURX+CMMI10; QWZHIN+CMSY10; SXDCBV+CMSY8; USFPTJ+CMMI7,"[{""version"": ""v1"", ""datetime"": ""2026-01-11 14:41:55"", ""pdf_url"": ""https://ai.vixra.org/pdf/2601.0042v1.pdf""}, {""version"": ""v2"", ""datetime"": ""2026-07-05 15:57:50"", ""pdf_url"": ""https://ai.vixra.org/pdf/2601.0042v2.pdf""}]"
23,2601.0040,PUBLICADO,Finite-Size Scaling of Petz Recovery Length in the TFIM: Threshold-dependent Operational Exponents from Exact Diagonalization,Lluis Eriksson,Quantum Physics,replaced,2026-07-05 15:18:12,2,https://ai.vixra.org/abs/2601.0040,https://ai.vixra.org/pdf/2601.0040v2.pdf,2601.0040v2.pdf,ce0cb7bd4fbd89acad818c30e5cf38554b2bf7230f748c290a484f77fb24bb2f,539867,4,no,23,DTISZD+CMSY10; ELCYAS+CMMI10; EUVFVQ+CMMI5; EXPITJ+CMSY5; F30; F31; F32; F51; F52; F53; F62; F64; F70; F71; F72; GCYPTZ+CMMI8; PAQZFK+CMEX10; RAPZZZ+CMR8; VHEJYF+CMSY8; WIFVRI+CMSY7; WRFESD+CMMI7; XEGJXS+CMR7; XSAWQR+CMR10,"[{""version"": ""v1"", ""datetime"": ""2026-01-12 06:23:09"", ""pdf_url"": ""https://ai.vixra.org/pdf/2601.0040v1.pdf""}, {""version"": ""v2"", ""datetime"": ""2026-07-05 15:18:12"", ""pdf_url"": ""https://ai.vixra.org/pdf/2601.0040v2.pdf""}]"
22,2601.0038,PUBLICADO,Operational Signatures of Criticality from Petz Recovery: Collar-length Requirements in TFIM Exact Diagonalization,Lluis Eriksson,Quantum Physics,replaced,2026-07-05 14:43:48,2,https://ai.vixra.org/abs/2601.0038,https://ai.vixra.org/pdf/2601.0038v2.pdf,2601.0038v2.pdf,58782baf185626e05f705f787b6fbdaad98cb34a62bd7a7f6a8d77149ca01660,419126,4,no,23,BEXWWX+CMMI7; EXPITJ+CMSY5; F30; F31; F32; F51; F52; F53; F62; F64; F70; F71; F72; JKSUUE+CMSY6; OAMMGX+CMSY10; OJNNBM+CMR10; PAQZFK+CMEX10; PMYMPO+CMMI8; PQRMLP+CMMI10; UFUMQB+CMSY8; WIFVRI+CMSY7; XBHMWW+CMR7; YLORNY+CMR8,"[{""version"": ""v1"", ""datetime"": ""2026-01-12 01:13:42"", ""pdf_url"": ""https://ai.vixra.org/pdf/2601.0038v1.pdf""}, {""version"": ""v2"", ""datetime"": ""2026-07-05 14:43:48"", ""pdf_url"": ""https://ai.vixra.org/pdf/2601.0038v2.pdf""}]"
21,2601.0035,PUBLICADO,"A Non-Gaussian Clustering-Recovery Bridge via Conditional Mutual Information: Interacting Gibbs States, Explicit Petz Benchmarks, and a Conditional Link to Entanglement Wedge Reconstruction",Lluis Eriksson,Quantum Physics,replaced,2026-07-05 13:44:55,2,https://ai.vixra.org/abs/2601.0035,https://ai.vixra.org/pdf/2601.0035v2.pdf,2601.0035v2.pdf,a1baeb63193badb0883ed8b518e2b005ce27a572a00786b9d5e5baeaf877325b,381200,5,no,18,EOQZZR+CMTT12; FABHSH+CMEX10; FYGEPU+CMR7; GGTKVN+CMR10; HUNSTR+CMMI7; IQTIHN+CMMI10; ITSJBJ+CMSY10; JSAHMB+CMBX12; KJZIBI+CMR12; LVDHRX+CMMI8; MOPFJD+CMR8; MZSWVF+CMMI6; PNQPXS+CMR17; PXBGHL+CMSY7; RAHVVC+CMTI10; VFQNBJ+CMTT10; VHEJYF+CMSY8; YPHPQG+CMBX10,"[{""version"": ""v1"", ""datetime"": ""2026-01-11 08:26:27"", ""pdf_url"": ""https://ai.vixra.org/pdf/2601.0035v1.pdf""}, {""version"": ""v2"", ""datetime"": ""2026-07-05 13:44:55"", ""pdf_url"": ""https://ai.vixra.org/pdf/2601.0035v2.pdf""}]"
20,2601.0034,PUBLICADO,Modular Recovery from Split Inclusions: A B-minimal Bridge from QFT Collar Geometry to Approximate State Reconstruction,Lluis Eriksson,Quantum Physics,replaced,2026-07-05 13:15:01,2,https://ai.vixra.org/abs/2601.0034,https://ai.vixra.org/pdf/2601.0034v2.pdf,2601.0034v2.pdf,4abff7f5961f8b5fab943467c9e8a96232efeadd36f8641e60e834464f5527b3,246842,5,no,19,BHPCPN+CMSY8; BLQAVA+CMBX10; BYMBTH+CMMI10; CQLEQX+CMTI10; DYYTWH+CMSY10; EIPUMM+CMSY7; EOQZZR+CMTT12; FYGEPU+CMR7; GEQAXH+CMBX12; GWJQAP+MSAM10; HQXEES+CMMI6; NXTUPA+CMR12; OYALBS+CMR10; RIRCZR+CMR8; WLPHVB+CMR17; WMDZLU+CMMI7; XRCJFO+CMEX10; YMVVZN+CMTT10; YNBONH+CMMI8,"[{""version"": ""v1"", ""datetime"": ""2026-01-11 09:52:52"", ""pdf_url"": ""https://ai.vixra.org/pdf/2601.0034v1.pdf""}, {""version"": ""v2"", ""datetime"": ""2026-07-05 13:15:01"", ""pdf_url"": ""https://ai.vixra.org/pdf/2601.0034v2.pdf""}]"
19,2601.0031,PUBLICADO,From Static Recoverability to Maintenance Power: A Typed Pipeline with ω = 0 Obstructions,Lluis Eriksson,Quantum Physics,replaced,2026-07-05 12:40:49,2,https://ai.vixra.org/abs/2601.0031,https://ai.vixra.org/pdf/2601.0031v2.pdf,2601.0031v2.pdf,98e052292f88e60652571551f05346173da6b70d85f0c57468911716be944c70,370647,6,no,19,CCFPKD+CMBX10; CCXGRG+CMR12; EOQZZR+CMTT12; EYBXRP+MSAM10; FPXINQ+CMMI12; FTGPSJ+CMR17; GUOWTK+CMSY6; HBLVZY+CMMI8; JEHEKB+CMR8; LBWBDW+CMEX10; MFKNTZ+CMBX12; ODSQQF+CMTI10; PGYSDQ+CMMI6; UFKOBG+CMMI10; VPCCYL+CMR10; WAWQQV+CMTT10; YNARTW+CMR6; YVHIAI+CMSY8; ZNCHWN+CMSY10,"[{""version"": ""v1"", ""datetime"": ""2026-01-10 16:50:51"", ""pdf_url"": ""https://ai.vixra.org/pdf/2601.0031v1.pdf""}, {""version"": ""v2"", ""datetime"": ""2026-07-05 12:40:49"", ""pdf_url"": ""https://ai.vixra.org/pdf/2601.0031v2.pdf""}]"
18,2601.0023,PUBLICADO,Finite-Dimensional Davies Interface Lemmas and TFIM Witness Tests for Separation-Dependent Decoherence Rate Envelopes,Lluis Eriksson,Mathematical Physics,replaced,2026-07-05 11:58:08,2,https://ai.vixra.org/abs/2601.0023,https://ai.vixra.org/pdf/2601.0023v2.pdf,2601.0023v2.pdf,871fcced1cf481047c650541f2d1285388f8708a67bb3c32c6d997fce932a819,642098,6,no,22,BGERJL+CMMI7; BSCRRK+CMMI6; BUSQYH+CMMI10; CCXGRG+CMR12; CIKMEM+CMR10; CNFKRU+CMR17; DCBWDN+CMTI10; EELPHV+CMEX10; EFPHNN+CMBX10; EOQZZR+CMTT12; FPXINQ+CMMI12; GUOWTK+CMSY6; IBUNCF+CMSY8; ILNAJI+CMR8; MKPIAC+CMTT10; PUMPUX+CMMI8; PXBGHL+CMSY7; QDTWCG+MSBM10; SJUEIE+CMSY10; SVWPNU+CMR7; XEJMEW+CMR6; YLVAAA+CMBX12,"[{""version"": ""v1"", ""datetime"": ""2026-01-08 22:07:05"", ""pdf_url"": ""https://ai.vixra.org/pdf/2601.0023v1.pdf""}, {""version"": ""v2"", ""datetime"": ""2026-07-05 11:58:08"", ""pdf_url"": ""https://ai.vixra.org/pdf/2601.0023v2.pdf""}]"
17,2601.0022,PUBLICADO,Operational Influence Proxies in a TFIM Surrogate: Non-Monotonicity and a Controlled ω = 0 Witness Floor Mechanism,Lluis Eriksson,Quantum Physics,replaced,2026-07-05 10:46:14,2,https://ai.vixra.org/abs/2601.0022,https://ai.vixra.org/pdf/2601.0022v2.pdf,2601.0022v2.pdf,c3b1194c683a1d525119f19f51152f4f89ae71a2eeb866ab72a42bfbc5ece0fc,697244,7,no,18,AASPDY+CMR17; BTOIXI+CMMI6; BYHOJN+CMBX10; EOQZZR+CMTT12; FLBHGN+CMBX12; FRNMBV+CMTT10; IXNPPI+CMEX10; JYUBNK+CMMI10; KMHHCA+CMR10; KOLRRC+CMMI12; LVPIKQ+CMTI10; MNWTRH+CMMI8; PXBGHL+CMSY7; QRJHPF+CMR12; TKDAWH+CMSY8; XKRJXS+CMR7; ZMEOPU+CMR8; ZXYQHT+CMSY10,"[{""version"": ""v1"", ""datetime"": ""2026-01-08 22:09:15"", ""pdf_url"": ""https://ai.vixra.org/pdf/2601.0022v1.pdf""}, {""version"": ""v2"", ""datetime"": ""2026-07-05 10:46:14"", ""pdf_url"": ""https://ai.vixra.org/pdf/2601.0022v2.pdf""}]"
16,2601.0020,PUBLICADO,Geometric Markov Bounds and Rate Inheritance Modulo Fixed Points: A Scalar Entropic Interface from Static Locality to Davies Dynamics,Lluis Eriksson,Quantum Physics,replaced,2026-07-05 09:50:00,2,https://ai.vixra.org/abs/2601.0020,https://ai.vixra.org/pdf/2601.0020v2.pdf,2601.0020v2.pdf,46e37a6a0954b9dca2c32dfe409b4ecb6ade9db4d6c7e0a249b24fe44cb10356,700270,10,no,23,BFRQLR+CMR6; CPKWJV+CMR10; DUFCXI+CMSY8; EINECL+CMSY6; EOQZZR+CMTT12; FPXINQ+CMMI12; FRNMBV+CMTT10; GHIPXR+CMMI7; GMLSZR+CMR17; HHQLVZ+CMMI6; KDJIKT+CMSY10; LDFZJF+CMBX12; LZWPRA+MSBM10; NFDUXG+CMMI8; OJABVO+CMR7; OTHVZL+CMR12; RQZEXR+CMMI10; SHAXQX+CMTI10; SRJCLD+CMBX10; UDGJZC+CMEX10; UGKTDD+CMSY7; WVKDKU+CMR8; XVCESL+CMR5,"[{""version"": ""v1"", ""datetime"": ""2026-01-08 00:26:07"", ""pdf_url"": ""https://ai.vixra.org/pdf/2601.0020v1.pdf""}, {""version"": ""v2"", ""datetime"": ""2026-07-05 09:50:00"", ""pdf_url"": ""https://ai.vixra.org/pdf/2601.0020v2.pdf""}]"
15,2601.0007,PUBLICADO,Quantitative Recovery Bounds from Vacuum Clustering in Finite-Mode Gaussian States (A Regularized CCR Blueprint Motivated by Split Inclusions),Lluis Eriksson,Quantum Physics,replaced,2026-07-05 08:56:03,2,https://ai.vixra.org/abs/2601.0007,https://ai.vixra.org/pdf/2601.0007v2.pdf,2601.0007v2.pdf,75f27c0c27b4607152ed67e704fbec55269e11896ed2f465105c06d244706195,1426286,16,no,20,AZTFYC+CMR17; DFDIAP+CMMI10; EFDLOV+CMMI6; EOQZZR+CMTT12; GBFQTC+CMR7; GERDME+MSBM10; HKBFGG+CMSY8; IWETFV+CMSY10; IXCRPO+CMR12; JDPPGO+CMR8; JKSUUE+CMSY6; KSMFRK+MSAM10; OXLIUF+CMTI10; OYDTAI+CMR10; TWSIZF+CMMI8; XEUBHA+CMTT10; XFCKYF+CMBX10; XFFAMS+CMEX10; XTJZVU+CMR6; ZOTQOS+CMBX12,"[{""version"": ""v1"", ""datetime"": ""2026-01-02 13:26:10"", ""pdf_url"": ""https://ai.vixra.org/pdf/2601.0007v1.pdf""}, {""version"": ""v2"", ""datetime"": ""2026-07-05 08:56:03"", ""pdf_url"": ""https://ai.vixra.org/pdf/2601.0007v2.pdf""}]"
14,2512.0105,PUBLICADO,"Refix-Path Bell Transport on Ibm Quantum Hardware: High-Resolution Replication, Comparative Geometry Dependence, and Stress Tests of a Static—Dynamic Link",Lluis Eriksson,Quantum Physics,replaced,2026-07-05 07:16:09,2,https://ai.vixra.org/abs/2512.0105,https://ai.vixra.org/pdf/2512.0105v2.pdf,2512.0105v2.pdf,c922f39ba8a043df8fb92b1fd58718efbabfe1af43ac312b8f735671991457bd,831061,10,no,19,BGTFLR+CMBX12; EOQZZR+CMTT12; FOSYAQ+CMSY8; HNZRKR+CMSY10; IRWAJI+CMR6; KMXJWM+CMMI8; LWHIJR+CMR8; MJBYYW+CMTI10; MOFZIR+CMR7; OMAYTK+CMTT10; QHMSGU+CMEX10; RYZSXG+CMR10; SYKZGW+CMR17; UFDGAY+MSAM10; UTLBPR+CMR12; UZQLUM+CMR5; VAXXQL+CMMI10; VMNLJB+CMBX10; WUSISE+CMMI7,"[{""version"": ""v1"", ""datetime"": ""2025-12-31 20:11:52"", ""pdf_url"": ""https://ai.vixra.org/pdf/2512.0105v1.pdf""}, {""version"": ""v2"", ""datetime"": ""2026-07-05 07:16:09"", ""pdf_url"": ""https://ai.vixra.org/pdf/2512.0105v2.pdf""}]"
13,2512.0102,PUBLICADO,Heat Kernel Methods and the Sign of Induced Gravity: Resolving Conventions via the Laplacian—Lichnerowicz Identity,Lluis Eriksson,Quantum Physics,replaced,2026-07-05 06:40:10,2,https://ai.vixra.org/abs/2512.0102,https://ai.vixra.org/pdf/2512.0102v2.pdf,2512.0102v2.pdf,6d0c308e2dda03d1d3c4758ad464b39f7075b7c26de2a8b2379660c9dc7376e4,292300,8,no,21,AZXKRO+CMR17; EOQZZR+CMTT12; F78; FUAMUF+CMR6; GZMRVF+CMMI10; KEXWVS+CMMI8; KFVOJW+CMR8; KGJSLP+CMMI6; LJOITL+CMTI10; MCIDNI+CMBX12; MCLXHN+CMR12; OGSOJB+CMSY8; OOLERK+CMBX10; PDAGDW+CMEX10; PNFJTC+CMSY10; PXBGHL+CMSY7; RCJGNO+CMMI12; TCYQOO+CMMI7; TJQNBE+CMR7; UDHUGW+CMTT10; WQHKOE+CMR10,"[{""version"": ""v1"", ""datetime"": ""2025-12-31 01:35:33"", ""pdf_url"": ""https://ai.vixra.org/pdf/2512.0102v1.pdf""}, {""version"": ""v2"", ""datetime"": ""2026-07-05 06:40:10"", ""pdf_url"": ""https://ai.vixra.org/pdf/2512.0102v2.pdf""}]"
12,2512.0101,PUBLICADO,Beyond Gaussianity: Extending the Clustering-Recovery Bridge,Lluis Eriksson,Quantum Physics,replaced,2026-07-05 06:24:25,2,https://ai.vixra.org/abs/2512.0101,https://ai.vixra.org/pdf/2512.0101v2.pdf,2512.0101v2.pdf,deccb8bc94753f1dd39565fd6033782d99aef7f10414a406080a50a3d0ead463,324112,8,no,24,BMQQDV+DejaVuSans; BPYJLY+CMMI12; CJTHXV+CMTI10; CZMBWF+CMMI8; EOQZZR+CMTT12; GCWXDV+DejaVuSans-Oblique; GXXJXK+CMTT10; HBIEHQ+CMSY6; HMMGVT+CMR8; KLMLXL+CMBX12; KPCUKH+MSBM10; KWNKNT+CMMI10; NOGGJG+CMR10; PZSUXP+CMSY10; QECAOU+CMR17; QIPYIM+MSAM10; THGOAZ+CMR5; UOTMKD+CMMI6; VBNENO+CMEX10; VHUVQJ+CMBX10; WHHWGC+CMSY8; WPHBCB+CMR12; YXELXI+CMR6; ZGVULE+CMMI7,"[{""version"": ""v1"", ""datetime"": ""2025-12-31 01:06:02"", ""pdf_url"": ""https://ai.vixra.org/pdf/2512.0101v1.pdf""}, {""version"": ""v2"", ""datetime"": ""2026-07-05 06:24:25"", ""pdf_url"": ""https://ai.vixra.org/pdf/2512.0101v2.pdf""}]"
11,2512.0091,PUBLICADO,"Technical Appendix: Heat Kernel, Fermions, and the Sign of Induced Gravity (Sign Conventions Fixed; Laplacian/lichnerowicz Hinge Made Explicit)",Lluis Eriksson,Relativity and Cosmology,replaced,2026-07-05 05:50:16,2,https://ai.vixra.org/abs/2512.0091,https://ai.vixra.org/pdf/2512.0091v2.pdf,2512.0091v2.pdf,db0b2aa950d5be9473fca427fcb66408393b158abe34e2c2f578556f52328775,288885,5,no,27,ADXOYK+CMEX10; ESBUZQ+CMSY10; ESOQAQ+CMMI8; F30; F31; F32; F51; F52; F53; F54; F69; F70; F83; F85; F86; F87; F88; PCJTSX+CMR8; PSCNAG+CMMI6; PXBGHL+CMSY7; TSXUTP+CMMI7; UAGOMC+CMBX10; UVBLQS+CMR10; VHUNGE+CMR7; XMKPOL+CMMI10; XUEMAO+CMMI12; ZOYKLY+CMSY8,"[{""version"": ""v1"", ""datetime"": ""2025-12-27 17:26:11"", ""pdf_url"": ""https://ai.vixra.org/pdf/2512.0091v1.pdf""}, {""version"": ""v2"", ""datetime"": ""2026-07-05 05:50:16"", ""pdf_url"": ""https://ai.vixra.org/pdf/2512.0091v2.pdf""}]"
10,2512.0085,PUBLICADO,"Geometry, Membranes, and Life as a Resource Boundary: A Correct-by-Construction Operational Pipeline from Static Suppression to Maintenance Costs",Lluis Eriksson,Quantum Physics,replaced,2026-07-05 05:47:22,2,https://ai.vixra.org/abs/2512.0085,https://ai.vixra.org/pdf/2512.0085v2.pdf,2512.0085v2.pdf,64146659ff96cd3261b55c37093df439deb061625a11f869712ae01c0c3f6c01,310394,6,no,24,AGGOGH+CMSY7; CEYRWT+CMMI6; DLPRUH+CMMI10; F30; F31; F32; F51; F52; F53; F67; F69; F76; F77; F78; FZAJKS+CMR8; IDCTJW+CMSY8; IKIAEV+CMSY10; LBWBDW+CMEX10; QIPYIM+MSAM10; RVANWB+CMMI12; SRVVQX+CMMI7; UJUIDW+CMR10; ZDZRWY+CMR12; ZIUPMD+CMMI8,"[{""version"": ""v1"", ""datetime"": ""2025-12-24 22:30:35"", ""pdf_url"": ""https://ai.vixra.org/pdf/2512.0085v1.pdf""}, {""version"": ""v2"", ""datetime"": ""2026-07-05 05:47:22"", ""pdf_url"": ""https://ai.vixra.org/pdf/2512.0085v2.pdf""}]"
9,2512.0084,PUBLICADO,The Maintenance Constraint: How Resource Boundaries Shape Cognitive Availability,Lluis Eriksson,Mind Science,replaced,2026-07-05 05:45:54,2,https://ai.vixra.org/abs/2512.0084,https://ai.vixra.org/pdf/2512.0084v2.pdf,2512.0084v2.pdf,5f82531a3404c7b3bb9fae52b549174b961413014cdff0289fc037828cb4b9d5,231957,7,no,18,BAUMYY+CMSY10; CIWLBJ+CMMI10; F30; F31; F32; F51; F52; F53; F54; F69; F70; F71; F72; JJAXLG+CMR8; JUJISG+CMR10; MCCKRK+CMEX10; NNWCPE+CMMI8; RAZVEJ+MSBM10,"[{""version"": ""v1"", ""datetime"": ""2025-12-24 22:34:15"", ""pdf_url"": ""https://ai.vixra.org/pdf/2512.0084v1.pdf""}, {""version"": ""v2"", ""datetime"": ""2026-07-05 05:45:54"", ""pdf_url"": ""https://ai.vixra.org/pdf/2512.0084v2.pdf""}]"
8,2512.0081,PUBLICADO,"Operational Coherence Maintenance and the Quantum-Classical Boundary: Formal Definitions, Falsifiable Protocols, and an Outlook for Cognitive Systems",Lluis Eriksson,Quantum Physics,replaced,2026-07-05 05:44:24,2,https://ai.vixra.org/abs/2512.0081,https://ai.vixra.org/pdf/2512.0081v2.pdf,2512.0081v2.pdf,,,,,,,"[{""version"": ""v1"", ""datetime"": ""2025-12-23 10:38:28"", ""pdf_url"": ""https://ai.vixra.org/pdf/2512.0081v1.pdf""}, {""version"": ""v2"", ""datetime"": ""2026-07-05 05:44:24"", ""pdf_url"": ""https://ai.vixra.org/pdf/2512.0081v2.pdf""}]"
7,2512.0073,PUBLICADO,Finite-Dimensional Davies Interface Lemmas and TFIM Witness Tests for the Heisenberg Cut as a Resource Boundary,Lluis Eriksson,Quantum Physics,submitted,2025-12-19 17:44:57,1,https://ai.vixra.org/abs/2512.0073,https://ai.vixra.org/pdf/2512.0073v1.pdf,2512.0073v1.pdf,6fcfe5275362944c31c4587dde38ff1784386c5a9377a64b92f8ea2edd196ff6,820101,22,no,22,AIIRZC+CMEX10; ANOYZG+CMBX10; BHLGSF+CMSY8; CSTBWB+CMBX12; DOOECQ+CMTT10; DUVFUE+CMSY10; EICMPE+CMITT10; ELINXF+CMMI12; FJXCIZ+CMTI10; GBCRXR+CMR6; GMLBWN+CMMI8; GUOWTK+CMSY6; KHYAKG+CMR12; MULJMX+SFRM1000; PQJWOK+CMMI6; RAZVEJ+MSBM10; RMVBCD+CMR8; SEPRJN+SFTT1000; UCQPJG+CMR10; UPKQSJ+CMR7; VWWSPT+CMR17; WHISDZ+CMMI10,"[{""version"": ""v1"", ""datetime"": ""2025-12-19 17:44:57"", ""pdf_url"": ""https://ai.vixra.org/pdf/2512.0073v1.pdf""}]"
6,2512.0072,PUBLICADO,The Rate Inheritance Principle: From Static Correlations to Dynamical Decoherence Rates,Lluis Eriksson,Quantum Physics,replaced,2026-07-04 17:26:43,2,https://ai.vixra.org/abs/2512.0072,https://ai.vixra.org/pdf/2512.0072v2.pdf,2512.0072v2.pdf,8eba17b544a16854847bc54d74c5d53c4454e52bf1557617a3b8028182274b56,316870,6,no,28,BMQQDV+DejaVuSans; F30; F31; F32; F51; F52; F53; F67; F69; F70; F71; F74; F77; F78; GCWXDV+DejaVuSans-Oblique; HVKTDA+CMR8; JMCXAW+CMSY10; JOYYLE+CMR7; MPMQRA+CMMI5; PXBGHL+CMSY7; QBULVZ+CMEX10; QIPYIM+MSAM10; SJPECG+CMMI8; TGDHKS+CMMI10; UMYORO+CMMI7; WXHKEU+CMSY8; XYZPCJ+CMMI6; YDZHSY+CMR10,"[{""version"": ""v1"", ""datetime"": ""2025-12-19 18:23:38"", ""pdf_url"": ""https://ai.vixra.org/pdf/2512.0072v1.pdf""}, {""version"": ""v2"", ""datetime"": ""2026-07-04 17:26:43"", ""pdf_url"": ""https://ai.vixra.org/pdf/2512.0072v2.pdf""}]"
5,2512.0071,PUBLICADO,"Operational Coherence Maintenance: Proven Results, Conditional Interfaces, and Open Dynamical Gaps",Lluis Eriksson,Quantum Physics,replaced,2026-07-04 17:25:11,2,https://ai.vixra.org/abs/2512.0071,https://ai.vixra.org/pdf/2512.0071v2.pdf,2512.0071v2.pdf,a162065564b23b7dc1a79f4336ff22c724c66a8259fd3792ee3ab89c560ba062,249511,5,no,21,BLBOMC+CMMI10; F30; F31; F32; F51; F52; F53; F59; F61; F62; F63; F64; F65; KBPUZY+CMSY10; LBWBDW+CMEX10; LZYEFL+CMR8; QBHNDO+CMSY8; QJNLSX+CMMI8; SPIMFP+CMMI6; UFDGAY+MSAM10; VKJNJD+CMR10,"[{""version"": ""v1"", ""datetime"": ""2025-12-19 18:31:21"", ""pdf_url"": ""https://ai.vixra.org/pdf/2512.0071v1.pdf""}, {""version"": ""v2"", ""datetime"": ""2026-07-04 17:25:11"", ""pdf_url"": ""https://ai.vixra.org/pdf/2512.0071v2.pdf""}]"
4,2512.0070,PUBLICADO,Stress Testing the Rate Inheritance Principle: Spectral Decoherence Rates and an Operational Resource Horizon,Lluis Eriksson,Quantum Physics,replaced,2026-07-04 16:52:43,2,https://ai.vixra.org/abs/2512.0070,https://ai.vixra.org/pdf/2512.0070v2.pdf,2512.0070v2.pdf,d17233949d5fef496c7f5c73d2fe3da138cc803d550d5a19cf98af8771501e6d,328933,7,no,28,BMQQDV+DejaVuSans; CZRBLR+STIXGeneral-Regular; DJNTVN+CMEX10; EOGTAI+CMSY10; F30; F31; F32; F51; F52; F53; F59; F69; F70; F71; F72; F73; GBCRXR+CMR6; GCWXDV+DejaVuSans-Oblique; OWLVKR+CMR7; PSMOWZ+CMMI8; QETZAV+CMR10; QFHBES+CMMI6; QTLZFU+CMSY8; RAZVEJ+MSBM10; SJZWDC+CMMI10; UAGOMC+CMBX10; UGKTDD+CMSY7; XWSDFO+CMR8,"[{""version"": ""v1"", ""datetime"": ""2025-12-19 18:38:28"", ""pdf_url"": ""https://ai.vixra.org/pdf/2512.0070v1.pdf""}, {""version"": ""v2"", ""datetime"": ""2026-07-04 16:52:43"", ""pdf_url"": ""https://ai.vixra.org/pdf/2512.0070v2.pdf""}]"
3,2512.0064,PUBLICADO,The Heisenberg Cut as a Resource Boundary: An Operational Outlook from Coherence Maintenance Costs,Lluis Eriksson,Quantum Physics,replaced,2026-07-04 16:52:40,2,https://ai.vixra.org/abs/2512.0064,https://ai.vixra.org/pdf/2512.0064v2.pdf,2512.0064v2.pdf,923f3f37f923649fba6e830da97452e3dc8cf666358f950cdac110711ea2a3b9,376340,12,no,29,AUVGAC+CMSS8; BJQEQZ+CMR7; BXGEVL+DejaVuSerif; COUKVH+CMMI8; CVIWCF+CMR12; CZRBLR+STIXGeneral-Regular; EXGCDG+CMR8; FTXWZA+STIXGeneral-Italic; GUOWTK+CMSY6; HXQYMP+CMEX10; ISTDJG+CMBX10; KHWOIO+CMSY10; MPMQRA+CMMI5; PCLDEU+CMMI10; PXBGHL+CMSY7; QIPYIM+MSAM10; RAXHLQ+CMTI10; SPIMFP+CMMI6; TVYMIA+CMTT10; UBTWQD+CMMI7; WIUVXP+CMR10; WNPAZK+CMSY8; XCFWLF+CMBX12; XLNMVN+CMR17; XZYPPA+MSBM10; YKZBSP+CMR6,"[{""version"": ""v1"", ""datetime"": ""2025-12-17 19:09:08"", ""pdf_url"": ""https://ai.vixra.org/pdf/2512.0064v1.pdf""}, {""version"": ""v2"", ""datetime"": ""2026-07-04 16:52:40"", ""pdf_url"": ""https://ai.vixra.org/pdf/2512.0064v2.pdf""}]"
2,2512.0061,PUBLICADO,The Conditional Maintenance Work Theorem: Operational Power Lower Bounds from Energy Pinching and a Split-Inclusion Blueprint for Type III AQFT,Lluis Eriksson,Thermodynamics and Energy,replaced,2026-07-04 16:52:38,2,https://ai.vixra.org/abs/2512.0061,https://ai.vixra.org/pdf/2512.0061v2.pdf,2512.0061v2.pdf,1efa158fa87afe14617dd19d5247dcc29a8a8e4c3eaebf939664cf81d739511b,383771,12,no,28,BGXJWE+CMMI8; BMOOLW+CMSY8; CKNBWN+CMEX10; DTTIBD+CMR10; F30; F31; F32; F51; F52; F53; F54; F64; F65; F71; F72; F81; FWKWJZ+CMSY10; FYHNFH+CMR7; HXSHVC+CMMI6; JKSUUE+CMSY6; KLWTWH+CMMI7; NSJEOL+CMSY7; OZCUEA+CMR6; PGSANU+CMMI10; TONINC+MSAM10; UFQQSC+CMR8; YPTDOK+CMR12; YYUFIX+CMMI12,"[{""version"": ""v1"", ""datetime"": ""2025-12-16 22:14:29"", ""pdf_url"": ""https://ai.vixra.org/pdf/2512.0061v1.pdf""}, {""version"": ""v2"", ""datetime"": ""2026-07-04 16:52:38"", ""pdf_url"": ""https://ai.vixra.org/pdf/2512.0061v2.pdf""}]"
1,2512.0060,PUBLICADO,"Clustering, Recovery, and Locality in Algebraic Quantum Field Theory: Quantitative Bounds via Split Inclusions and Modular Theory",Lluis Eriksson,Mathematical Physics,replaced,2026-07-04 16:52:36,2,https://ai.vixra.org/abs/2512.0060,https://ai.vixra.org/pdf/2512.0060v2.pdf,2512.0060v2.pdf,fc87d35d6258539c4c660b7bf271736fc3658efcc19f35d7cb02ae9c848b481b,514597,29,no,34,BHKKPG+MSAM10; BRQPRI+EUFM10; F30; F31; F32; F51; F52; F53; F54; F64; F65; F71; F72; F73; F94; FUKYDQ+MSBM10; GUKMCT+CMR8; IJYTQH+CMMI8; IVUZLR+CMR10; IWOBQA+CMMI6; JKSUUE+CMSY6; JURDJY+CMR6; KIPCQY+CMMI12; LSLPTA+CMSY8; PXBGHL+CMSY7; QIMVIY+CMR7; QRVGHQ+CMMI10; QXHXCQ+CMSY10; RHUHOI+CMR5; UAGOMC+CMBX10; VERFNL+CMBX8; WVVUEN+CMEX10; WWUUAV+CMMI5; XEGFSI+CMMI7,"[{""version"": ""v1"", ""datetime"": ""2025-12-17 02:23:22"", ""pdf_url"": ""https://ai.vixra.org/pdf/2512.0060v1.pdf""}, {""version"": ""v2"", ""datetime"": ""2026-07-04 16:52:36"", ""pdf_url"": ""https://ai.vixra.org/pdf/2512.0060v2.pdf""}]"
